namespace FallbackFontData
{

const unsigned int numChars = 95;
const unsigned int glyphWidth = 11;
const unsigned int glyphHeight = 18;

static const unsigned char data[numChars][glyphWidth * glyphHeight] =
{
	// ' '
	{	0x00, 0x00, 0x00, 0x00, 0x00, 0x00, 0x00, 0x00, 0x00, 0x00, 0x00, 
		0x00, 0x00, 0x00, 0x00, 0x00, 0x00, 0x00, 0x00, 0x00, 0x00, 0x00, 
		0x00, 0x00, 0x00, 0x00, 0x00, 0x00, 0x00, 0x00, 0x00, 0x00, 0x00, 
		0x00, 0x00, 0x00, 0x00, 0x00, 0x00, 0x00, 0x00, 0x00, 0x00, 0x00, 
		0x00, 0x00, 0x00, 0x00, 0x00, 0x00, 0x00, 0x00, 0x00, 0x00, 0x00, 
		0x00, 0x00, 0x00, 0x00, 0x00, 0x00, 0x00, 0x00, 0x00, 0x00, 0x00, 
		0x00, 0x00, 0x00, 0x00, 0x00, 0x00, 0x00, 0x00, 0x00, 0x00, 0x00, 
		0x00, 0x00, 0x00, 0x00, 0x00, 0x00, 0x00, 0x00, 0x00, 0x00, 0x00, 
		0x00, 0x00, 0x00, 0x00, 0x00, 0x00, 0x00, 0x00, 0x00, 0x00, 0x00, 
		0x00, 0x00, 0x00, 0x00, 0x00, 0x00, 0x00, 0x00, 0x00, 0x00, 0x00, 
		0x00, 0x00, 0x00, 0x00, 0x00, 0x00, 0x00, 0x00, 0x00, 0x00, 0x00, 
		0x00, 0x00, 0x00, 0x00, 0x00, 0x00, 0x00, 0x00, 0x00, 0x00, 0x00, 
		0x00, 0x00, 0x00, 0x00, 0x00, 0x00, 0x00, 0x00, 0x00, 0x00, 0x00, 
		0x00, 0x00, 0x00, 0x00, 0x00, 0x00, 0x00, 0x00, 0x00, 0x00, 0x00, 
		0x00, 0x00, 0x00, 0x00, 0x00, 0x00, 0x00, 0x00, 0x00, 0x00, 0x00, 
		0x00, 0x00, 0x00, 0x00, 0x00, 0x00, 0x00, 0x00, 0x00, 0x00, 0x00, 
		0x00, 0x00, 0x00, 0x00, 0x00, 0x00, 0x00, 0x00, 0x00, 0x00, 0x00, 
		0x00, 0x00, 0x00, 0x00, 0x00, 0x00, 0x00, 0x00, 0x00, 0x00, 0x00
	},
	// '!'
	{	0x00, 0x00, 0x00, 0x00, 0x00, 0x00, 0x00, 0x00, 0x00, 0x00, 0x00, 
		0x00, 0x00, 0x00, 0x00, 0x00, 0x00, 0x00, 0x00, 0x00, 0x00, 0x00, 
		0x00, 0x00, 0x00, 0x00, 0x96, 0xe9, 0x00, 0x00, 0x00, 0x00, 0x00, 
		0x00, 0x00, 0x00, 0x00, 0x84, 0xff, 0x00, 0x00, 0x00, 0x00, 0x00, 
		0x00, 0x00, 0x00, 0x00, 0x84, 0xd3, 0x00, 0x00, 0x00, 0x00, 0x00, 
		0x00, 0x00, 0x00, 0x00, 0x71, 0xd4, 0x00, 0x00, 0x00, 0x00, 0x00, 
		0x00, 0x00, 0x00, 0x00, 0x61, 0xaa, 0x00, 0x00, 0x00, 0x00, 0x00, 
		0x00, 0x00, 0x00, 0x00, 0x61, 0xaa, 0x00, 0x00, 0x00, 0x00, 0x00, 
		0x00, 0x00, 0x00, 0x00, 0x4f, 0x84, 0x00, 0x00, 0x00, 0x00, 0x00, 
		0x00, 0x00, 0x00, 0x00, 0x00, 0x00, 0x00, 0x00, 0x00, 0x00, 0x00, 
		0x00, 0x00, 0x00, 0x00, 0x00, 0x00, 0x00, 0x00, 0x00, 0x00, 0x00, 
		0x00, 0x00, 0x00, 0x00, 0xd3, 0xff, 0x24, 0x00, 0x00, 0x00, 0x00, 
		0x00, 0x00, 0x00, 0x00, 0xd4, 0xff, 0x24, 0x00, 0x00, 0x00, 0x00, 
		0x00, 0x00, 0x00, 0x00, 0x00, 0x00, 0x00, 0x00, 0x00, 0x00, 0x00, 
		0x00, 0x00, 0x00, 0x00, 0x00, 0x00, 0x00, 0x00, 0x00, 0x00, 0x00, 
		0x00, 0x00, 0x00, 0x00, 0x00, 0x00, 0x00, 0x00, 0x00, 0x00, 0x00, 
		0x00, 0x00, 0x00, 0x00, 0x00, 0x00, 0x00, 0x00, 0x00, 0x00, 0x00, 
		0x00, 0x00, 0x00, 0x00, 0x00, 0x00, 0x00, 0x00, 0x00, 0x00, 0x00
	},
	// '"'
	{	0x00, 0x00, 0x00, 0x00, 0x00, 0x00, 0x00, 0x00, 0x00, 0x00, 0x00, 
		0x00, 0x00, 0x00, 0x00, 0x00, 0x00, 0x00, 0x00, 0x00, 0x00, 0x00, 
		0x61, 0xff, 0x61, 0x00, 0x60, 0xff, 0x60, 0x00, 0x00, 0x00, 0x00, 
		0x00, 0xd3, 0xd3, 0x00, 0x0d, 0xe9, 0xaa, 0x00, 0x00, 0x00, 0x00, 
		0x00, 0x50, 0xff, 0x24, 0x00, 0x60, 0xff, 0x0d, 0x00, 0x00, 0x00, 
		0x00, 0x00, 0xd4, 0x72, 0x00, 0x0d, 0xd3, 0x61, 0x00, 0x00, 0x00, 
		0x00, 0x00, 0x41, 0xd4, 0x00, 0x00, 0x50, 0x84, 0x00, 0x00, 0x00, 
		0x00, 0x00, 0x00, 0x00, 0x00, 0x00, 0x00, 0x00, 0x00, 0x00, 0x00, 
		0x00, 0x00, 0x00, 0x00, 0x00, 0x00, 0x00, 0x00, 0x00, 0x00, 0x00, 
		0x00, 0x00, 0x00, 0x00, 0x00, 0x00, 0x00, 0x00, 0x00, 0x00, 0x00, 
		0x00, 0x00, 0x00, 0x00, 0x00, 0x00, 0x00, 0x00, 0x00, 0x00, 0x00, 
		0x00, 0x00, 0x00, 0x00, 0x00, 0x00, 0x00, 0x00, 0x00, 0x00, 0x00, 
		0x00, 0x00, 0x00, 0x00, 0x00, 0x00, 0x00, 0x00, 0x00, 0x00, 0x00, 
		0x00, 0x00, 0x00, 0x00, 0x00, 0x00, 0x00, 0x00, 0x00, 0x00, 0x00, 
		0x00, 0x00, 0x00, 0x00, 0x00, 0x00, 0x00, 0x00, 0x00, 0x00, 0x00, 
		0x00, 0x00, 0x00, 0x00, 0x00, 0x00, 0x00, 0x00, 0x00, 0x00, 0x00, 
		0x00, 0x00, 0x00, 0x00, 0x00, 0x00, 0x00, 0x00, 0x00, 0x00, 0x00, 
		0x00, 0x00, 0x00, 0x00, 0x00, 0x00, 0x00, 0x00, 0x00, 0x00, 0x00
	},
	// '#'
	{	0x00, 0x00, 0x00, 0x00, 0x00, 0x00, 0x00, 0x00, 0x00, 0x00, 0x00, 
		0x00, 0x00, 0x00, 0xd4, 0x18, 0x72, 0x60, 0x00, 0x00, 0x00, 0x00, 
		0x00, 0x00, 0x00, 0xff, 0x0c, 0x84, 0x50, 0x00, 0x00, 0x00, 0x00, 
		0x00, 0x00, 0x0d, 0xff, 0x00, 0xab, 0x32, 0x00, 0x00, 0x00, 0x00, 
		0x00, 0x00, 0x24, 0xd4, 0x00, 0xd4, 0x24, 0x00, 0x00, 0x00, 0x00, 
		0x31, 0xff, 0xff, 0xff, 0xff, 0xff, 0xff, 0xff, 0x17, 0x00, 0x00, 
		0x00, 0x00, 0x31, 0xaa, 0x00, 0xff, 0x18, 0x00, 0x00, 0x00, 0x00, 
		0x00, 0x00, 0x40, 0xab, 0x00, 0xff, 0x00, 0x00, 0x00, 0x00, 0x00, 
		0x00, 0x00, 0x50, 0xab, 0x00, 0xff, 0x00, 0x00, 0x00, 0x00, 0x00, 
		0x50, 0xff, 0xff, 0xff, 0xff, 0xff, 0xff, 0xff, 0x00, 0x00, 0x00, 
		0x00, 0x00, 0x60, 0x84, 0x18, 0xd4, 0x00, 0x00, 0x00, 0x00, 0x00, 
		0x00, 0x00, 0x72, 0x61, 0x31, 0xbe, 0x00, 0x00, 0x00, 0x00, 0x00, 
		0x00, 0x00, 0x84, 0x50, 0x40, 0xab, 0x00, 0x00, 0x00, 0x00, 0x00, 
		0x00, 0x00, 0xaa, 0x40, 0x50, 0x84, 0x00, 0x00, 0x00, 0x00, 0x00, 
		0x00, 0x00, 0x00, 0x00, 0x00, 0x00, 0x00, 0x00, 0x00, 0x00, 0x00, 
		0x00, 0x00, 0x00, 0x00, 0x00, 0x00, 0x00, 0x00, 0x00, 0x00, 0x00, 
		0x00, 0x00, 0x00, 0x00, 0x00, 0x00, 0x00, 0x00, 0x00, 0x00, 0x00, 
		0x00, 0x00, 0x00, 0x00, 0x00, 0x00, 0x00, 0x00, 0x00, 0x00, 0x00
	},
	// '$'
	{	0x00, 0x00, 0x00, 0x00, 0x00, 0x00, 0x00, 0x00, 0x00, 0x00, 0x00, 
		0x00, 0x00, 0x00, 0x00, 0x00, 0x00, 0x00, 0x00, 0x00, 0x00, 0x00, 
		0x00, 0x00, 0x00, 0x24, 0xbe, 0x00, 0x00, 0x00, 0x00, 0x00, 0x00, 
		0x00, 0x00, 0x84, 0xff, 0xff, 0xff, 0xff, 0x32, 0x00, 0x00, 0x00, 
		0x00, 0x84, 0x84, 0x00, 0x00, 0x24, 0xd4, 0x31, 0x00, 0x00, 0x00, 
		0x00, 0xbf, 0x00, 0x00, 0x00, 0x00, 0x00, 0x00, 0x00, 0x00, 0x00, 
		0x00, 0xe9, 0x0d, 0x00, 0x00, 0x00, 0x00, 0x00, 0x00, 0x00, 0x00, 
		0x00, 0x50, 0xbe, 0x84, 0x31, 0x00, 0x00, 0x00, 0x00, 0x00, 0x00, 
		0x00, 0x00, 0x00, 0x61, 0x84, 0xd4, 0x97, 0x00, 0x00, 0x00, 0x00, 
		0x00, 0x00, 0x00, 0x00, 0x00, 0x00, 0x60, 0x60, 0x00, 0x00, 0x00, 
		0x00, 0x00, 0x00, 0x00, 0x00, 0x00, 0x60, 0x84, 0x00, 0x00, 0x00, 
		0x50, 0xbf, 0x0d, 0x00, 0x00, 0x17, 0xbf, 0x32, 0x00, 0x00, 0x00, 
		0x50, 0xbf, 0xe9, 0xff, 0xff, 0xd3, 0x50, 0x00, 0x00, 0x00, 0x00, 
		0x00, 0x00, 0x00, 0x4f, 0x84, 0x00, 0x00, 0x00, 0x00, 0x00, 0x00, 
		0x00, 0x00, 0x00, 0x50, 0x84, 0x00, 0x00, 0x00, 0x00, 0x00, 0x00, 
		0x00, 0x00, 0x00, 0x4f, 0x84, 0x00, 0x00, 0x00, 0x00, 0x00, 0x00, 
		0x00, 0x00, 0x00, 0x00, 0x00, 0x00, 0x00, 0x00, 0x00, 0x00, 0x00, 
		0x00, 0x00, 0x00, 0x00, 0x00, 0x00, 0x00, 0x00, 0x00, 0x00, 0x00
	},
	// '%'
	{	0x00, 0x00, 0x00, 0x00, 0x00, 0x00, 0x00, 0x00, 0x00, 0x00, 0x00, 
		0x00, 0x00, 0x00, 0x00, 0x00, 0x00, 0x00, 0x00, 0x00, 0x00, 0x00, 
		0x00, 0x00, 0x32, 0xe9, 0xff, 0xaa, 0x00, 0x00, 0x00, 0x00, 0x00, 
		0x00, 0x0d, 0xd3, 0x24, 0x00, 0xaa, 0x61, 0x00, 0x00, 0x00, 0x00, 
		0x00, 0x18, 0x84, 0x00, 0x00, 0x31, 0x84, 0x00, 0x00, 0x00, 0x00, 
		0x00, 0x0d, 0xd4, 0x24, 0x00, 0xab, 0x60, 0x00, 0x00, 0x00, 0x00, 
		0x00, 0x00, 0x31, 0xe9, 0xff, 0xaa, 0x00, 0x00, 0x00, 0x00, 0x00, 
		0x00, 0x60, 0xff, 0xff, 0xff, 0xff, 0xff, 0xff, 0xff, 0x31, 0x00, 
		0x00, 0x00, 0x00, 0x00, 0x17, 0xbf, 0xff, 0xbe, 0x18, 0x00, 0x00, 
		0x00, 0x00, 0x00, 0x00, 0x84, 0x60, 0x00, 0x4f, 0xab, 0x00, 0x00, 
		0x00, 0x00, 0x00, 0x00, 0xd4, 0x00, 0x00, 0x00, 0xd3, 0x00, 0x00, 
		0x00, 0x00, 0x00, 0x00, 0x84, 0x61, 0x00, 0x50, 0xaa, 0x00, 0x00, 
		0x00, 0x00, 0x00, 0x00, 0x18, 0xbe, 0xff, 0xbf, 0x18, 0x00, 0x00, 
		0x00, 0x00, 0x00, 0x00, 0x00, 0x00, 0x00, 0x00, 0x00, 0x00, 0x00, 
		0x00, 0x00, 0x00, 0x00, 0x00, 0x00, 0x00, 0x00, 0x00, 0x00, 0x00, 
		0x00, 0x00, 0x00, 0x00, 0x00, 0x00, 0x00, 0x00, 0x00, 0x00, 0x00, 
		0x00, 0x00, 0x00, 0x00, 0x00, 0x00, 0x00, 0x00, 0x00, 0x00, 0x00, 
		0x00, 0x00, 0x00, 0x00, 0x00, 0x00, 0x00, 0x00, 0x00, 0x00, 0x00
	},
	// '&'
	{	0x00, 0x00, 0x00, 0x00, 0x00, 0x00, 0x00, 0x00, 0x00, 0x00, 0x00, 
		0x00, 0x00, 0x00, 0x00, 0x00, 0x00, 0x00, 0x00, 0x00, 0x00, 0x00, 
		0x00, 0x00, 0x00, 0x00, 0x00, 0x00, 0x00, 0x00, 0x00, 0x00, 0x00, 
		0x00, 0x00, 0x00, 0x00, 0x00, 0x00, 0x00, 0x00, 0x00, 0x00, 0x00, 
		0x00, 0x00, 0x32, 0xe9, 0xff, 0xbf, 0x60, 0x00, 0x00, 0x00, 0x00, 
		0x00, 0x00, 0xe9, 0x50, 0x00, 0x60, 0x0d, 0x00, 0x00, 0x00, 0x00, 
		0x00, 0x00, 0xe9, 0x0d, 0x00, 0x00, 0x00, 0x00, 0x00, 0x00, 0x00, 
		0x00, 0x00, 0x61, 0x97, 0x00, 0x00, 0x00, 0x00, 0x00, 0x00, 0x00, 
		0x00, 0x50, 0xd4, 0xd4, 0x60, 0x00, 0x00, 0x00, 0x00, 0x00, 0x00, 
		0x0d, 0xd4, 0x0d, 0x24, 0xe9, 0x18, 0xd3, 0x84, 0x00, 0x00, 0x00, 
		0x18, 0xd4, 0x00, 0x00, 0x61, 0xe9, 0xbf, 0x00, 0x00, 0x00, 0x00, 
		0x00, 0xd4, 0x61, 0x00, 0x31, 0xff, 0x61, 0x00, 0x00, 0x00, 0x00, 
		0x00, 0x24, 0xbf, 0xff, 0xd3, 0x61, 0xff, 0xd4, 0x00, 0x00, 0x00, 
		0x00, 0x00, 0x00, 0x00, 0x00, 0x00, 0x00, 0x00, 0x00, 0x00, 0x00, 
		0x00, 0x00, 0x00, 0x00, 0x00, 0x00, 0x00, 0x00, 0x00, 0x00, 0x00, 
		0x00, 0x00, 0x00, 0x00, 0x00, 0x00, 0x00, 0x00, 0x00, 0x00, 0x00, 
		0x00, 0x00, 0x00, 0x00, 0x00, 0x00, 0x00, 0x00, 0x00, 0x00, 0x00, 
		0x00, 0x00, 0x00, 0x00, 0x00, 0x00, 0x00, 0x00, 0x00, 0x00, 0x00
	},
	// '''
	{	0x00, 0x00, 0x00, 0x00, 0x00, 0x00, 0x00, 0x00, 0x00, 0x00, 0x00, 
		0x00, 0x00, 0x00, 0x00, 0x00, 0x00, 0x00, 0x00, 0x00, 0x00, 0x00, 
		0x18, 0xff, 0xff, 0x60, 0x00, 0x00, 0x00, 0x00, 0x00, 0x00, 0x00, 
		0x00, 0x72, 0xff, 0x97, 0x00, 0x00, 0x00, 0x00, 0x00, 0x00, 0x00, 
		0x00, 0x0d, 0xe9, 0xe9, 0x0c, 0x00, 0x00, 0x00, 0x00, 0x00, 0x00, 
		0x00, 0x00, 0x60, 0xff, 0x40, 0x00, 0x00, 0x00, 0x00, 0x00, 0x00, 
		0x00, 0x00, 0x00, 0xd4, 0x61, 0x00, 0x00, 0x00, 0x00, 0x00, 0x00, 
		0x00, 0x00, 0x00, 0x00, 0x00, 0x00, 0x00, 0x00, 0x00, 0x00, 0x00, 
		0x00, 0x00, 0x00, 0x00, 0x00, 0x00, 0x00, 0x00, 0x00, 0x00, 0x00, 
		0x00, 0x00, 0x00, 0x00, 0x00, 0x00, 0x00, 0x00, 0x00, 0x00, 0x00, 
		0x00, 0x00, 0x00, 0x00, 0x00, 0x00, 0x00, 0x00, 0x00, 0x00, 0x00, 
		0x00, 0x00, 0x00, 0x00, 0x00, 0x00, 0x00, 0x00, 0x00, 0x00, 0x00, 
		0x00, 0x00, 0x00, 0x00, 0x00, 0x00, 0x00, 0x00, 0x00, 0x00, 0x00, 
		0x00, 0x00, 0x00, 0x00, 0x00, 0x00, 0x00, 0x00, 0x00, 0x00, 0x00, 
		0x00, 0x00, 0x00, 0x00, 0x00, 0x00, 0x00, 0x00, 0x00, 0x00, 0x00, 
		0x00, 0x00, 0x00, 0x00, 0x00, 0x00, 0x00, 0x00, 0x00, 0x00, 0x00, 
		0x00, 0x00, 0x00, 0x00, 0x00, 0x00, 0x00, 0x00, 0x00, 0x00, 0x00, 
		0x00, 0x00, 0x00, 0x00, 0x00, 0x00, 0x00, 0x00, 0x00, 0x00, 0x00
	},
	// '('
	{	0x00, 0x00, 0x00, 0x00, 0x00, 0x00, 0x00, 0x00, 0x00, 0x00, 0x00, 
		0x00, 0x00, 0x00, 0x00, 0x00, 0x00, 0x00, 0x00, 0x00, 0x00, 0x00, 
		0x00, 0x00, 0x00, 0x00, 0x00, 0x00, 0x0c, 0xe9, 0x0d, 0x00, 0x00, 
		0x00, 0x00, 0x00, 0x00, 0x00, 0x00, 0x84, 0x84, 0x00, 0x00, 0x00, 
		0x00, 0x00, 0x00, 0x00, 0x00, 0x17, 0xff, 0x18, 0x00, 0x00, 0x00, 
		0x00, 0x00, 0x00, 0x00, 0x00, 0x60, 0xab, 0x00, 0x00, 0x00, 0x00, 
		0x00, 0x00, 0x00, 0x00, 0x00, 0xbe, 0x60, 0x00, 0x00, 0x00, 0x00, 
		0x00, 0x00, 0x00, 0x00, 0x00, 0xff, 0x40, 0x00, 0x00, 0x00, 0x00, 
		0x00, 0x00, 0x00, 0x00, 0x00, 0xff, 0x32, 0x00, 0x00, 0x00, 0x00, 
		0x00, 0x00, 0x00, 0x00, 0x00, 0xff, 0x40, 0x00, 0x00, 0x00, 0x00, 
		0x00, 0x00, 0x00, 0x00, 0x00, 0xbf, 0x61, 0x00, 0x00, 0x00, 0x00, 
		0x00, 0x00, 0x00, 0x00, 0x00, 0x60, 0xab, 0x00, 0x00, 0x00, 0x00, 
		0x00, 0x00, 0x00, 0x00, 0x00, 0x18, 0xff, 0x18, 0x00, 0x00, 0x00, 
		0x00, 0x00, 0x00, 0x00, 0x00, 0x00, 0x84, 0x84, 0x00, 0x00, 0x00, 
		0x00, 0x00, 0x00, 0x00, 0x00, 0x00, 0x0d, 0xe9, 0x0d, 0x00, 0x00, 
		0x00, 0x00, 0x00, 0x00, 0x00, 0x00, 0x00, 0x00, 0x00, 0x00, 0x00, 
		0x00, 0x00, 0x00, 0x00, 0x00, 0x00, 0x00, 0x00, 0x00, 0x00, 0x00, 
		0x00, 0x00, 0x00, 0x00, 0x00, 0x00, 0x00, 0x00, 0x00, 0x00, 0x00
	},
	// ')'
	{	0x00, 0x00, 0x00, 0x00, 0x00, 0x00, 0x00, 0x00, 0x00, 0x00, 0x00, 
		0x00, 0x00, 0x00, 0x00, 0x00, 0x00, 0x00, 0x00, 0x00, 0x00, 0x00, 
		0x00, 0x00, 0x96, 0x60, 0x00, 0x00, 0x00, 0x00, 0x00, 0x00, 0x00, 
		0x00, 0x00, 0x18, 0xe9, 0x0d, 0x00, 0x00, 0x00, 0x00, 0x00, 0x00, 
		0x00, 0x00, 0x00, 0xaa, 0x60, 0x00, 0x00, 0x00, 0x00, 0x00, 0x00, 
		0x00, 0x00, 0x00, 0x40, 0xe9, 0x00, 0x00, 0x00, 0x00, 0x00, 0x00, 
		0x00, 0x00, 0x00, 0x0d, 0xff, 0x24, 0x00, 0x00, 0x00, 0x00, 0x00, 
		0x00, 0x00, 0x00, 0x00, 0xe9, 0x50, 0x00, 0x00, 0x00, 0x00, 0x00, 
		0x00, 0x00, 0x00, 0x00, 0xd3, 0x60, 0x00, 0x00, 0x00, 0x00, 0x00, 
		0x00, 0x00, 0x00, 0x00, 0xe9, 0x4f, 0x00, 0x00, 0x00, 0x00, 0x00, 
		0x00, 0x00, 0x00, 0x0d, 0xff, 0x23, 0x00, 0x00, 0x00, 0x00, 0x00, 
		0x00, 0x00, 0x00, 0x40, 0xe9, 0x00, 0x00, 0x00, 0x00, 0x00, 0x00, 
		0x00, 0x00, 0x00, 0xab, 0x60, 0x00, 0x00, 0x00, 0x00, 0x00, 0x00, 
		0x00, 0x00, 0x18, 0xe9, 0x0d, 0x00, 0x00, 0x00, 0x00, 0x00, 0x00, 
		0x00, 0x00, 0x97, 0x60, 0x00, 0x00, 0x00, 0x00, 0x00, 0x00, 0x00, 
		0x00, 0x00, 0x00, 0x00, 0x00, 0x00, 0x00, 0x00, 0x00, 0x00, 0x00, 
		0x00, 0x00, 0x00, 0x00, 0x00, 0x00, 0x00, 0x00, 0x00, 0x00, 0x00, 
		0x00, 0x00, 0x00, 0x00, 0x00, 0x00, 0x00, 0x00, 0x00, 0x00, 0x00
	},
	// '*'
	{	0x00, 0x00, 0x00, 0x00, 0x00, 0x00, 0x00, 0x00, 0x00, 0x00, 0x00, 
		0x00, 0x00, 0x00, 0x00, 0x00, 0x00, 0x00, 0x00, 0x00, 0x00, 0x00, 
		0x00, 0x00, 0x00, 0x00, 0x00, 0x00, 0x00, 0x00, 0x00, 0x00, 0x00, 
		0x00, 0x00, 0x00, 0x00, 0x17, 0xd3, 0x00, 0x00, 0x00, 0x00, 0x00, 
		0x00, 0x00, 0x00, 0x00, 0x17, 0xd4, 0x00, 0x00, 0x00, 0x00, 0x00, 
		0x00, 0x0d, 0xe9, 0xbe, 0x84, 0xe9, 0x84, 0xff, 0xaa, 0x00, 0x00, 
		0x00, 0x00, 0x00, 0x50, 0xaa, 0xff, 0x97, 0x17, 0x00, 0x00, 0x00, 
		0x00, 0x00, 0x00, 0x0d, 0xd3, 0xaa, 0xab, 0x00, 0x00, 0x00, 0x00, 
		0x00, 0x00, 0x00, 0x97, 0x72, 0x00, 0xbf, 0x60, 0x00, 0x00, 0x00, 
		0x00, 0x00, 0x00, 0x60, 0x00, 0x00, 0x24, 0x50, 0x00, 0x00, 0x00, 
		0x00, 0x00, 0x00, 0x00, 0x00, 0x00, 0x00, 0x00, 0x00, 0x00, 0x00, 
		0x00, 0x00, 0x00, 0x00, 0x00, 0x00, 0x00, 0x00, 0x00, 0x00, 0x00, 
		0x00, 0x00, 0x00, 0x00, 0x00, 0x00, 0x00, 0x00, 0x00, 0x00, 0x00, 
		0x00, 0x00, 0x00, 0x00, 0x00, 0x00, 0x00, 0x00, 0x00, 0x00, 0x00, 
		0x00, 0x00, 0x00, 0x00, 0x00, 0x00, 0x00, 0x00, 0x00, 0x00, 0x00, 
		0x00, 0x00, 0x00, 0x00, 0x00, 0x00, 0x00, 0x00, 0x00, 0x00, 0x00, 
		0x00, 0x00, 0x00, 0x00, 0x00, 0x00, 0x00, 0x00, 0x00, 0x00, 0x00, 
		0x00, 0x00, 0x00, 0x00, 0x00, 0x00, 0x00, 0x00, 0x00, 0x00, 0x00
	},
	// '+'
	{	0x00, 0x00, 0x00, 0x00, 0x00, 0x00, 0x00, 0x00, 0x00, 0x00, 0x00, 
		0x00, 0x00, 0x00, 0x00, 0x00, 0x00, 0x00, 0x00, 0x00, 0x00, 0x00, 
		0x00, 0x00, 0x00, 0x00, 0x00, 0x00, 0x00, 0x00, 0x00, 0x00, 0x00, 
		0x00, 0x00, 0x00, 0x00, 0x50, 0x84, 0x00, 0x00, 0x00, 0x00, 0x00, 
		0x00, 0x00, 0x00, 0x00, 0x50, 0x84, 0x00, 0x00, 0x00, 0x00, 0x00, 
		0x00, 0x00, 0x00, 0x00, 0x50, 0x84, 0x00, 0x00, 0x00, 0x00, 0x00, 
		0x00, 0x00, 0x00, 0x00, 0x50, 0x84, 0x00, 0x00, 0x00, 0x00, 0x00, 
		0x00, 0xff, 0xff, 0xff, 0xff, 0xff, 0xff, 0xff, 0xff, 0x50, 0x00, 
		0x00, 0x00, 0x00, 0x00, 0x50, 0x84, 0x00, 0x00, 0x00, 0x00, 0x00, 
		0x00, 0x00, 0x00, 0x00, 0x50, 0x84, 0x00, 0x00, 0x00, 0x00, 0x00, 
		0x00, 0x00, 0x00, 0x00, 0x50, 0x84, 0x00, 0x00, 0x00, 0x00, 0x00, 
		0x00, 0x00, 0x00, 0x00, 0x50, 0x84, 0x00, 0x00, 0x00, 0x00, 0x00, 
		0x00, 0x00, 0x00, 0x00, 0x00, 0x00, 0x00, 0x00, 0x00, 0x00, 0x00, 
		0x00, 0x00, 0x00, 0x00, 0x00, 0x00, 0x00, 0x00, 0x00, 0x00, 0x00, 
		0x00, 0x00, 0x00, 0x00, 0x00, 0x00, 0x00, 0x00, 0x00, 0x00, 0x00, 
		0x00, 0x00, 0x00, 0x00, 0x00, 0x00, 0x00, 0x00, 0x00, 0x00, 0x00, 
		0x00, 0x00, 0x00, 0x00, 0x00, 0x00, 0x00, 0x00, 0x00, 0x00, 0x00, 
		0x00, 0x00, 0x00, 0x00, 0x00, 0x00, 0x00, 0x00, 0x00, 0x00, 0x00
	},
	// ','
	{	0x00, 0x00, 0x00, 0x00, 0x00, 0x00, 0x00, 0x00, 0x00, 0x00, 0x00, 
		0x00, 0x00, 0x00, 0x00, 0x00, 0x00, 0x00, 0x00, 0x00, 0x00, 0x00, 
		0x00, 0x00, 0x00, 0x00, 0x00, 0x00, 0x00, 0x00, 0x00, 0x00, 0x00, 
		0x00, 0x00, 0x00, 0x00, 0x00, 0x00, 0x00, 0x00, 0x00, 0x00, 0x00, 
		0x00, 0x00, 0x00, 0x00, 0x00, 0x00, 0x00, 0x00, 0x00, 0x00, 0x00, 
		0x00, 0x00, 0x00, 0x00, 0x00, 0x00, 0x00, 0x00, 0x00, 0x00, 0x00, 
		0x00, 0x00, 0x00, 0x00, 0x00, 0x00, 0x00, 0x00, 0x00, 0x00, 0x00, 
		0x00, 0x00, 0x00, 0x00, 0x00, 0x00, 0x00, 0x00, 0x00, 0x00, 0x00, 
		0x00, 0x00, 0x00, 0x00, 0x00, 0x00, 0x00, 0x00, 0x00, 0x00, 0x00, 
		0x00, 0x00, 0x00, 0x00, 0x00, 0x00, 0x00, 0x00, 0x00, 0x00, 0x00, 
		0x00, 0x00, 0x00, 0x00, 0x00, 0x00, 0x00, 0x00, 0x00, 0x00, 0x00, 
		0x00, 0x00, 0x00, 0x41, 0xff, 0xff, 0x24, 0x00, 0x00, 0x00, 0x00, 
		0x00, 0x00, 0x00, 0x72, 0xff, 0x84, 0x00, 0x00, 0x00, 0x00, 0x00, 
		0x00, 0x00, 0x00, 0xe9, 0xe9, 0x0d, 0x00, 0x00, 0x00, 0x00, 0x00, 
		0x00, 0x00, 0x24, 0xff, 0x60, 0x00, 0x00, 0x00, 0x00, 0x00, 0x00, 
		0x00, 0x00, 0x61, 0xd4, 0x00, 0x00, 0x00, 0x00, 0x00, 0x00, 0x00, 
		0x00, 0x00, 0x00, 0x00, 0x00, 0x00, 0x00, 0x00, 0x00, 0x00, 0x00, 
		0x00, 0x00, 0x00, 0x00, 0x00, 0x00, 0x00, 0x00, 0x00, 0x00, 0x00
	},
	// '-'
	{	0x00, 0x00, 0x00, 0x00, 0x00, 0x00, 0x00, 0x00, 0x00, 0x00, 0x00, 
		0x00, 0x00, 0x00, 0x00, 0x00, 0x00, 0x00, 0x00, 0x00, 0x00, 0x00, 
		0x00, 0x00, 0x00, 0x00, 0x00, 0x00, 0x00, 0x00, 0x00, 0x00, 0x00, 
		0x00, 0x00, 0x00, 0x00, 0x00, 0x00, 0x00, 0x00, 0x00, 0x00, 0x00, 
		0x00, 0x00, 0x00, 0x00, 0x00, 0x00, 0x00, 0x00, 0x00, 0x00, 0x00, 
		0x00, 0x00, 0x00, 0x00, 0x00, 0x00, 0x00, 0x00, 0x00, 0x00, 0x00, 
		0x00, 0x00, 0x00, 0x00, 0x00, 0x00, 0x00, 0x00, 0x00, 0x00, 0x00, 
		0x00, 0x61, 0xff, 0xff, 0xff, 0xff, 0xff, 0xff, 0xff, 0x32, 0x00, 
		0x00, 0x00, 0x00, 0x00, 0x00, 0x00, 0x00, 0x00, 0x00, 0x00, 0x00, 
		0x00, 0x00, 0x00, 0x00, 0x00, 0x00, 0x00, 0x00, 0x00, 0x00, 0x00, 
		0x00, 0x00, 0x00, 0x00, 0x00, 0x00, 0x00, 0x00, 0x00, 0x00, 0x00, 
		0x00, 0x00, 0x00, 0x00, 0x00, 0x00, 0x00, 0x00, 0x00, 0x00, 0x00, 
		0x00, 0x00, 0x00, 0x00, 0x00, 0x00, 0x00, 0x00, 0x00, 0x00, 0x00, 
		0x00, 0x00, 0x00, 0x00, 0x00, 0x00, 0x00, 0x00, 0x00, 0x00, 0x00, 
		0x00, 0x00, 0x00, 0x00, 0x00, 0x00, 0x00, 0x00, 0x00, 0x00, 0x00, 
		0x00, 0x00, 0x00, 0x00, 0x00, 0x00, 0x00, 0x00, 0x00, 0x00, 0x00, 
		0x00, 0x00, 0x00, 0x00, 0x00, 0x00, 0x00, 0x00, 0x00, 0x00, 0x00, 
		0x00, 0x00, 0x00, 0x00, 0x00, 0x00, 0x00, 0x00, 0x00, 0x00, 0x00
	},
	// '.'
	{	0x00, 0x00, 0x00, 0x00, 0x00, 0x00, 0x00, 0x00, 0x00, 0x00, 0x00, 
		0x00, 0x00, 0x00, 0x00, 0x00, 0x00, 0x00, 0x00, 0x00, 0x00, 0x00, 
		0x00, 0x00, 0x00, 0x00, 0x00, 0x00, 0x00, 0x00, 0x00, 0x00, 0x00, 
		0x00, 0x00, 0x00, 0x00, 0x00, 0x00, 0x00, 0x00, 0x00, 0x00, 0x00, 
		0x00, 0x00, 0x00, 0x00, 0x00, 0x00, 0x00, 0x00, 0x00, 0x00, 0x00, 
		0x00, 0x00, 0x00, 0x00, 0x00, 0x00, 0x00, 0x00, 0x00, 0x00, 0x00, 
		0x00, 0x00, 0x00, 0x00, 0x00, 0x00, 0x00, 0x00, 0x00, 0x00, 0x00, 
		0x00, 0x00, 0x00, 0x00, 0x00, 0x00, 0x00, 0x00, 0x00, 0x00, 0x00, 
		0x00, 0x00, 0x00, 0x00, 0x00, 0x00, 0x00, 0x00, 0x00, 0x00, 0x00, 
		0x00, 0x00, 0x00, 0x00, 0x00, 0x00, 0x00, 0x00, 0x00, 0x00, 0x00, 
		0x00, 0x00, 0x00, 0x00, 0x00, 0x00, 0x00, 0x00, 0x00, 0x00, 0x00, 
		0x00, 0x00, 0x00, 0x00, 0x72, 0xff, 0xd4, 0x0d, 0x00, 0x00, 0x00, 
		0x00, 0x00, 0x00, 0x00, 0x72, 0xff, 0xd4, 0x0d, 0x00, 0x00, 0x00, 
		0x00, 0x00, 0x00, 0x00, 0x00, 0x00, 0x00, 0x00, 0x00, 0x00, 0x00, 
		0x00, 0x00, 0x00, 0x00, 0x00, 0x00, 0x00, 0x00, 0x00, 0x00, 0x00, 
		0x00, 0x00, 0x00, 0x00, 0x00, 0x00, 0x00, 0x00, 0x00, 0x00, 0x00, 
		0x00, 0x00, 0x00, 0x00, 0x00, 0x00, 0x00, 0x00, 0x00, 0x00, 0x00, 
		0x00, 0x00, 0x00, 0x00, 0x00, 0x00, 0x00, 0x00, 0x00, 0x00, 0x00
	},
	// '/'
	{	0x00, 0x00, 0x00, 0x00, 0x00, 0x00, 0x32, 0xbf, 0x00, 0x00, 0x00, 
		0x00, 0x00, 0x00, 0x00, 0x00, 0x00, 0x84, 0x60, 0x00, 0x00, 0x00, 
		0x00, 0x00, 0x00, 0x00, 0x00, 0x18, 0xe9, 0x0d, 0x00, 0x00, 0x00, 
		0x00, 0x00, 0x00, 0x00, 0x00, 0x71, 0x72, 0x00, 0x00, 0x00, 0x00, 
		0x00, 0x00, 0x00, 0x00, 0x0d, 0xe9, 0x18, 0x00, 0x00, 0x00, 0x00, 
		0x00, 0x00, 0x00, 0x00, 0x60, 0x84, 0x00, 0x00, 0x00, 0x00, 0x00, 
		0x00, 0x00, 0x00, 0x00, 0xd3, 0x31, 0x00, 0x00, 0x00, 0x00, 0x00, 
		0x00, 0x00, 0x00, 0x50, 0xab, 0x00, 0x00, 0x00, 0x00, 0x00, 0x00, 
		0x00, 0x00, 0x00, 0xbf, 0x40, 0x00, 0x00, 0x00, 0x00, 0x00, 0x00, 
		0x00, 0x00, 0x32, 0xd3, 0x00, 0x00, 0x00, 0x00, 0x00, 0x00, 0x00, 
		0x00, 0x00, 0xaa, 0x50, 0x00, 0x00, 0x00, 0x00, 0x00, 0x00, 0x00, 
		0x00, 0x24, 0xe9, 0x00, 0x00, 0x00, 0x00, 0x00, 0x00, 0x00, 0x00, 
		0x00, 0x84, 0x61, 0x00, 0x00, 0x00, 0x00, 0x00, 0x00, 0x00, 0x00, 
		0x0d, 0xe9, 0x0d, 0x00, 0x00, 0x00, 0x00, 0x00, 0x00, 0x00, 0x00, 
		0x00, 0x00, 0x00, 0x00, 0x00, 0x00, 0x00, 0x00, 0x00, 0x00, 0x00, 
		0x00, 0x00, 0x00, 0x00, 0x00, 0x00, 0x00, 0x00, 0x00, 0x00, 0x00, 
		0x00, 0x00, 0x00, 0x00, 0x00, 0x00, 0x00, 0x00, 0x00, 0x00, 0x00, 
		0x00, 0x00, 0x00, 0x00, 0x00, 0x00, 0x00, 0x00, 0x00, 0x00, 0x00
	},
	// '0'
	{	0x00, 0x00, 0x00, 0x00, 0x00, 0x00, 0x00, 0x00, 0x00, 0x00, 0x00, 
		0x00, 0x00, 0x00, 0x00, 0x00, 0x00, 0x00, 0x00, 0x00, 0x00, 0x00, 
		0x00, 0x00, 0x60, 0xff, 0xff, 0xbe, 0x17, 0x00, 0x00, 0x00, 0x00, 
		0x00, 0x60, 0x60, 0x00, 0x00, 0x24, 0x97, 0x00, 0x00, 0x00, 0x0d, 
		0x0d, 0xbe, 0x00, 0x00, 0x00, 0x00, 0x72, 0x40, 0x00, 0x00, 0x00, 
		0x32, 0x84, 0x00, 0x00, 0x00, 0x00, 0x50, 0x72, 0x00, 0x00, 0x00, 
		0x4f, 0x84, 0x00, 0x00, 0x00, 0x00, 0x50, 0x84, 0x00, 0x00, 0x00, 
		0x50, 0x84, 0x00, 0x00, 0x00, 0x00, 0x50, 0x84, 0x00, 0x00, 0x00, 
		0x50, 0x84, 0x00, 0x00, 0x00, 0x00, 0x4f, 0x84, 0x00, 0x00, 0x00, 
		0x31, 0x97, 0x00, 0x00, 0x00, 0x00, 0x61, 0x72, 0x00, 0x00, 0x00, 
		0x0d, 0xd4, 0x00, 0x00, 0x00, 0x00, 0x97, 0x40, 0x00, 0x00, 0x00, 
		0x00, 0x50, 0x83, 0x00, 0x00, 0x4f, 0x97, 0x00, 0x00, 0x00, 0x00, 
		0x00, 0x00, 0x84, 0xff, 0xff, 0xbe, 0x0d, 0x00, 0x00, 0x00, 0x00, 
		0x00, 0x00, 0x00, 0x00, 0x00, 0x00, 0x00, 0x00, 0x00, 0x00, 0x00, 
		0x00, 0x00, 0x00, 0x00, 0x00, 0x00, 0x00, 0x00, 0x00, 0x00, 0x00, 
		0x00, 0x00, 0x00, 0x00, 0x00, 0x00, 0x00, 0x00, 0x00, 0x00, 0x00, 
		0x00, 0x00, 0x00, 0x00, 0x00, 0x00, 0x00, 0x00, 0x00, 0x00, 0x00, 
		0x00, 0x00, 0x00, 0x00, 0x00, 0x00, 0x00, 0x00, 0x00, 0x00, 0x00
	},
	// '1'
	{	0x00, 0x00, 0x00, 0x00, 0x00, 0x00, 0x00, 0x00, 0x00, 0x00, 0x00, 
		0x00, 0x00, 0x00, 0x00, 0x00, 0x00, 0x00, 0x00, 0x00, 0x00, 0x00, 
		0x00, 0x31, 0x97, 0xd4, 0x00, 0x00, 0x00, 0x00, 0x00, 0x00, 0x00, 
		0xbf, 0x84, 0x31, 0xd3, 0x00, 0x00, 0x00, 0x00, 0x00, 0x00, 0x00, 
		0x00, 0x00, 0x18, 0xd3, 0x00, 0x00, 0x00, 0x00, 0x00, 0x00, 0x00, 
		0x00, 0x00, 0x18, 0xd4, 0x00, 0x00, 0x00, 0x00, 0x00, 0x00, 0x00, 
		0x00, 0x00, 0x17, 0xd3, 0x00, 0x00, 0x00, 0x00, 0x00, 0x00, 0x00, 
		0x00, 0x00, 0x18, 0xd4, 0x00, 0x00, 0x00, 0x00, 0x00, 0x00, 0x00, 
		0x00, 0x00, 0x18, 0xd4, 0x00, 0x00, 0x00, 0x00, 0x00, 0x00, 0x00, 
		0x00, 0x00, 0x18, 0xd4, 0x00, 0x00, 0x00, 0x00, 0x00, 0x00, 0x00, 
		0x00, 0x00, 0x18, 0xd4, 0x00, 0x00, 0x00, 0x00, 0x00, 0x00, 0x00, 
		0x00, 0x00, 0x17, 0xd3, 0x00, 0x00, 0x00, 0x00, 0x00, 0x00, 0x00, 
		0xff, 0xff, 0xff, 0xff, 0xff, 0xff, 0xd3, 0x00, 0x00, 0x00, 0x00, 
		0x00, 0x00, 0x00, 0x00, 0x00, 0x00, 0x00, 0x00, 0x00, 0x00, 0x00, 
		0x00, 0x00, 0x00, 0x00, 0x00, 0x00, 0x00, 0x00, 0x00, 0x00, 0x00, 
		0x00, 0x00, 0x00, 0x00, 0x00, 0x00, 0x00, 0x00, 0x00, 0x00, 0x00, 
		0x00, 0x00, 0x00, 0x00, 0x00, 0x00, 0x00, 0x00, 0x00, 0x00, 0x00, 
		0x00, 0x00, 0x00, 0x00, 0x00, 0x00, 0x00, 0x00, 0x00, 0x00, 0x00
	},
	// '2'
	{	0x00, 0x00, 0x00, 0x00, 0x00, 0x00, 0x00, 0x00, 0x00, 0x00, 0x00, 
		0x00, 0x00, 0x00, 0x00, 0x00, 0x00, 0x00, 0x00, 0x00, 0x00, 0x00, 
		0x00, 0x24, 0xab, 0xff, 0xff, 0xbf, 0x18, 0x00, 0x00, 0x00, 0x00, 
		0x17, 0xe9, 0x72, 0x00, 0x00, 0x97, 0xd3, 0x0d, 0x00, 0x00, 0x00, 
		0x60, 0x72, 0x00, 0x00, 0x00, 0x00, 0xaa, 0x60, 0x00, 0x00, 0x00, 
		0x00, 0x00, 0x00, 0x00, 0x00, 0x00, 0x72, 0x40, 0x00, 0x00, 0x00, 
		0x00, 0x00, 0x00, 0x00, 0x00, 0x17, 0x60, 0x00, 0x00, 0x00, 0x00, 
		0x00, 0x00, 0x00, 0x00, 0x18, 0x97, 0x00, 0x00, 0x00, 0x00, 0x00, 
		0x00, 0x00, 0x00, 0x24, 0x97, 0x00, 0x00, 0x00, 0x00, 0x00, 0x00, 
		0x00, 0x00, 0x24, 0x84, 0x00, 0x00, 0x00, 0x00, 0x00, 0x00, 0x00, 
		0x00, 0x31, 0x84, 0x00, 0x00, 0x00, 0x00, 0x00, 0x00, 0x00, 0x00, 
		0x24, 0x60, 0x00, 0x00, 0x00, 0x00, 0x60, 0x61, 0x00, 0x00, 0x00, 
		0xd4, 0xff, 0xff, 0xff, 0xff, 0xff, 0xff, 0x60, 0x00, 0x00, 0x00, 
		0x00, 0x00, 0x00, 0x00, 0x00, 0x00, 0x00, 0x00, 0x00, 0x00, 0x00, 
		0x00, 0x00, 0x00, 0x00, 0x00, 0x00, 0x00, 0x00, 0x00, 0x00, 0x00, 
		0x00, 0x00, 0x00, 0x00, 0x00, 0x00, 0x00, 0x00, 0x00, 0x00, 0x00, 
		0x00, 0x00, 0x00, 0x00, 0x00, 0x00, 0x00, 0x00, 0x00, 0x00, 0x00, 
		0x00, 0x00, 0x00, 0x00, 0x00, 0x00, 0x00, 0x00, 0x00, 0x00, 0x00
	},
	// '3'
	{	0x00, 0x00, 0x00, 0x00, 0x00, 0x00, 0x00, 0x00, 0x00, 0x00, 0x00, 
		0x00, 0x00, 0x00, 0x00, 0x00, 0x00, 0x00, 0x00, 0x00, 0x00, 0x00, 
		0x00, 0x31, 0x84, 0xff, 0xff, 0xbf, 0x24, 0x00, 0x00, 0x00, 0x00, 
		0x17, 0xe9, 0x60, 0x00, 0x00, 0x61, 0xe9, 0x18, 0x00, 0x00, 0x00, 
		0x00, 0x00, 0x00, 0x00, 0x00, 0x00, 0x84, 0x60, 0x00, 0x00, 0x00, 
		0x00, 0x00, 0x00, 0x00, 0x00, 0x00, 0x72, 0x60, 0x00, 0x00, 0x00, 
		0x00, 0x00, 0x00, 0x00, 0x00, 0x50, 0xe9, 0x18, 0x00, 0x00, 0x00, 
		0x00, 0x00, 0x00, 0xab, 0xff, 0xd3, 0x24, 0x00, 0x00, 0x00, 0x00, 
		0x00, 0x00, 0x00, 0x00, 0x00, 0x60, 0xd4, 0x23, 0x00, 0x00, 0x00, 
		0x00, 0x00, 0x00, 0x00, 0x00, 0x00, 0x32, 0xaa, 0x00, 0x00, 0x00, 
		0x00, 0x00, 0x00, 0x00, 0x00, 0x00, 0x32, 0xbf, 0x00, 0x00, 0x00, 
		0x60, 0xaa, 0x32, 0x00, 0x00, 0x50, 0xe9, 0x60, 0x00, 0x00, 0x00, 
		0x00, 0x60, 0xbf, 0xff, 0xff, 0xd4, 0x50, 0x00, 0x00, 0x00, 0x00, 
		0x00, 0x00, 0x00, 0x00, 0x00, 0x00, 0x00, 0x00, 0x00, 0x00, 0x00, 
		0x00, 0x00, 0x00, 0x00, 0x00, 0x00, 0x00, 0x00, 0x00, 0x00, 0x00, 
		0x00, 0x00, 0x00, 0x00, 0x00, 0x00, 0x00, 0x00, 0x00, 0x00, 0x00, 
		0x00, 0x00, 0x00, 0x00, 0x00, 0x00, 0x00, 0x00, 0x00, 0x00, 0x00, 
		0x00, 0x00, 0x00, 0x00, 0x00, 0x00, 0x00, 0x00, 0x00, 0x00, 0x00
	},
	// '4'
	{	0x00, 0x00, 0x00, 0x00, 0x00, 0x00, 0x00, 0x00, 0x00, 0x00, 0x00, 
		0x00, 0x00, 0x00, 0x00, 0x00, 0x00, 0x00, 0x00, 0x00, 0x00, 0x00, 
		0x00, 0x00, 0x00, 0x00, 0x31, 0xff, 0x84, 0x00, 0x00, 0x00, 0x00, 
		0x00, 0x00, 0x00, 0x00, 0xd4, 0x97, 0x84, 0x00, 0x00, 0x00, 0x00, 
		0x00, 0x00, 0x00, 0x61, 0x97, 0x4f, 0x84, 0x00, 0x00, 0x00, 0x00, 
		0x00, 0x00, 0x24, 0xe9, 0x17, 0x50, 0x84, 0x00, 0x00, 0x00, 0x00, 
		0x00, 0x00, 0xbe, 0x60, 0x00, 0x50, 0x84, 0x00, 0x00, 0x00, 0x00, 
		0x00, 0x61, 0xbe, 0x00, 0x00, 0x50, 0x84, 0x00, 0x00, 0x00, 0x00, 
		0x17, 0xe9, 0x24, 0x00, 0x00, 0x50, 0x84, 0x00, 0x00, 0x00, 0x00, 
		0x31, 0xff, 0xff, 0xff, 0xff, 0xff, 0xff, 0xab, 0x00, 0x00, 0x00, 
		0x00, 0x00, 0x00, 0x00, 0x00, 0x50, 0x84, 0x00, 0x00, 0x00, 0x00, 
		0x00, 0x00, 0x00, 0x00, 0x00, 0x4f, 0x84, 0x00, 0x00, 0x00, 0x00, 
		0x00, 0x00, 0x00, 0x31, 0xff, 0xff, 0xff, 0xaa, 0x00, 0x00, 0x00, 
		0x00, 0x00, 0x00, 0x00, 0x00, 0x00, 0x00, 0x00, 0x00, 0x00, 0x00, 
		0x00, 0x00, 0x00, 0x00, 0x00, 0x00, 0x00, 0x00, 0x00, 0x00, 0x00, 
		0x00, 0x00, 0x00, 0x00, 0x00, 0x00, 0x00, 0x00, 0x00, 0x00, 0x00, 
		0x00, 0x00, 0x00, 0x00, 0x00, 0x00, 0x00, 0x00, 0x00, 0x00, 0x00, 
		0x00, 0x00, 0x00, 0x00, 0x00, 0x00, 0x00, 0x00, 0x00, 0x00, 0x00
	},
	// '5'
	{	0x00, 0x00, 0x00, 0x00, 0x00, 0x00, 0x00, 0x00, 0x00, 0x00, 0x00, 
		0x00, 0x00, 0x00, 0x00, 0x00, 0x00, 0x00, 0x00, 0x00, 0x00, 0x00, 
		0x00, 0xaa, 0xff, 0xff, 0xff, 0xff, 0xff, 0x18, 0x00, 0x00, 0x00, 
		0x00, 0xaa, 0x31, 0x00, 0x00, 0x00, 0x00, 0x00, 0x00, 0x00, 0x00, 
		0x00, 0xab, 0x31, 0x00, 0x00, 0x00, 0x00, 0x00, 0x00, 0x00, 0x00, 
		0x00, 0xaa, 0x32, 0x00, 0x00, 0x00, 0x00, 0x00, 0x00, 0x00, 0x00, 
		0x00, 0xaa, 0xff, 0xff, 0xff, 0xff, 0x61, 0x00, 0x00, 0x00, 0x00, 
		0x00, 0x00, 0x00, 0x00, 0x00, 0x0d, 0xbf, 0x4f, 0x00, 0x00, 0x00, 
		0x00, 0x00, 0x00, 0x00, 0x00, 0x00, 0x24, 0xbf, 0x00, 0x00, 0x00, 
		0x00, 0x00, 0x00, 0x00, 0x00, 0x00, 0x18, 0xd4, 0x00, 0x00, 0x00, 
		0x00, 0x00, 0x00, 0x00, 0x00, 0x00, 0x50, 0x97, 0x00, 0x00, 0x00, 
		0x60, 0xbf, 0x31, 0x00, 0x00, 0x61, 0xff, 0x24, 0x00, 0x00, 0x00, 
		0x00, 0x60, 0xbe, 0xff, 0xff, 0xbf, 0x31, 0x00, 0x00, 0x00, 0x00, 
		0x00, 0x00, 0x00, 0x00, 0x00, 0x00, 0x00, 0x00, 0x00, 0x00, 0x00, 
		0x00, 0x00, 0x00, 0x00, 0x00, 0x00, 0x00, 0x00, 0x00, 0x00, 0x00, 
		0x00, 0x00, 0x00, 0x00, 0x00, 0x00, 0x00, 0x00, 0x00, 0x00, 0x00, 
		0x00, 0x00, 0x00, 0x00, 0x00, 0x00, 0x00, 0x00, 0x00, 0x00, 0x00, 
		0x00, 0x00, 0x00, 0x00, 0x00, 0x00, 0x00, 0x00, 0x00, 0x00, 0x00
	},
	// '6'
	{	0x00, 0x00, 0x00, 0x00, 0x00, 0x00, 0x00, 0x00, 0x00, 0x00, 0x00, 
		0x00, 0x00, 0x00, 0x00, 0x00, 0x00, 0x00, 0x00, 0x00, 0x00, 0x00, 
		0x00, 0x00, 0x00, 0x18, 0x97, 0xff, 0xff, 0xd4, 0x00, 0x00, 0x00, 
		0x00, 0x00, 0x31, 0xe9, 0x60, 0x00, 0x00, 0x00, 0x00, 0x00, 0x00, 
		0x00, 0x18, 0xbf, 0x0d, 0x00, 0x00, 0x00, 0x00, 0x00, 0x00, 0x00, 
		0x00, 0x72, 0x31, 0x00, 0x00, 0x00, 0x00, 0x00, 0x00, 0x00, 0x00, 
		0x00, 0xbf, 0x17, 0xab, 0xff, 0xff, 0x84, 0x00, 0x00, 0x00, 0x00, 
		0x00, 0xe9, 0x84, 0xab, 0x00, 0x00, 0x60, 0x61, 0x00, 0x00, 0x00, 
		0x18, 0xff, 0xab, 0x00, 0x00, 0x00, 0x00, 0x97, 0x00, 0x00, 0x00, 
		0x00, 0xe9, 0x61, 0x00, 0x00, 0x00, 0x00, 0xd3, 0x00, 0x00, 0x00, 
		0x00, 0x61, 0x97, 0x00, 0x00, 0x00, 0x00, 0xaa, 0x00, 0x00, 0x00, 
		0x00, 0x0d, 0xd3, 0x4f, 0x00, 0x0d, 0xab, 0x61, 0x00, 0x00, 0x00, 
		0x00, 0x00, 0x18, 0xbe, 0xff, 0xff, 0x84, 0x00, 0x00, 0x00, 0x00, 
		0x00, 0x00, 0x00, 0x00, 0x00, 0x00, 0x00, 0x00, 0x00, 0x00, 0x00, 
		0x00, 0x00, 0x00, 0x00, 0x00, 0x00, 0x00, 0x00, 0x00, 0x00, 0x00, 
		0x00, 0x00, 0x00, 0x00, 0x00, 0x00, 0x00, 0x00, 0x00, 0x00, 0x00, 
		0x00, 0x00, 0x00, 0x00, 0x00, 0x00, 0x00, 0x00, 0x00, 0x00, 0x00, 
		0x00, 0x00, 0x00, 0x00, 0x00, 0x00, 0x00, 0x00, 0x00, 0x00, 0x00
	},
	// '7'
	{	0x00, 0x00, 0x00, 0x00, 0x00, 0x00, 0x00, 0x00, 0x00, 0x00, 0x00, 
		0x00, 0x00, 0x00, 0x00, 0x00, 0x00, 0x00, 0x00, 0x00, 0x00, 0x00, 
		0xff, 0xff, 0xff, 0xff, 0xff, 0xff, 0xff, 0x00, 0x00, 0x00, 0x00, 
		0xe9, 0x00, 0x00, 0x00, 0x00, 0x23, 0xff, 0x0c, 0x00, 0x00, 0x00, 
		0x00, 0x00, 0x00, 0x00, 0x00, 0x60, 0xbe, 0x00, 0x00, 0x00, 0x00, 
		0x00, 0x00, 0x00, 0x00, 0x00, 0xbe, 0x61, 0x00, 0x00, 0x00, 0x00, 
		0x00, 0x00, 0x00, 0x00, 0x0d, 0xff, 0x24, 0x00, 0x00, 0x00, 0x00, 
		0x00, 0x00, 0x00, 0x00, 0x60, 0xbf, 0x00, 0x00, 0x00, 0x00, 0x00, 
		0x00, 0x00, 0x00, 0x00, 0xab, 0x71, 0x00, 0x00, 0x00, 0x00, 0x00, 
		0x00, 0x00, 0x00, 0x0d, 0xff, 0x24, 0x00, 0x00, 0x00, 0x00, 0x00, 
		0x00, 0x00, 0x00, 0x50, 0xd4, 0x00, 0x00, 0x00, 0x00, 0x00, 0x00, 
		0x00, 0x00, 0x00, 0x97, 0x72, 0x00, 0x00, 0x00, 0x00, 0x00, 0x00, 
		0x00, 0x00, 0x00, 0xe9, 0x31, 0x00, 0x00, 0x00, 0x00, 0x00, 0x00, 
		0x00, 0x00, 0x00, 0x00, 0x00, 0x00, 0x00, 0x00, 0x00, 0x00, 0x00, 
		0x00, 0x00, 0x00, 0x00, 0x00, 0x00, 0x00, 0x00, 0x00, 0x00, 0x00, 
		0x00, 0x00, 0x00, 0x00, 0x00, 0x00, 0x00, 0x00, 0x00, 0x00, 0x00, 
		0x00, 0x00, 0x00, 0x00, 0x00, 0x00, 0x00, 0x00, 0x00, 0x00, 0x00, 
		0x00, 0x00, 0x00, 0x00, 0x00, 0x00, 0x00, 0x00, 0x00, 0x00, 0x00
	},
	// '8'
	{	0x00, 0x00, 0x00, 0x00, 0x00, 0x00, 0x00, 0x00, 0x00, 0x00, 0x00, 
		0x00, 0x00, 0x00, 0x00, 0x00, 0x00, 0x00, 0x00, 0x00, 0x00, 0x00, 
		0x00, 0x00, 0x97, 0xff, 0xff, 0xbf, 0x24, 0x00, 0x00, 0x00, 0x00, 
		0x00, 0x97, 0x60, 0x00, 0x00, 0x24, 0xd4, 0x0d, 0x00, 0x00, 0x00, 
		0x0d, 0xd3, 0x00, 0x00, 0x00, 0x00, 0x71, 0x60, 0x00, 0x00, 0x00, 
		0x0d, 0xd4, 0x00, 0x00, 0x00, 0x00, 0x72, 0x60, 0x00, 0x00, 0x00, 
		0x00, 0x72, 0x40, 0x00, 0x00, 0x0c, 0xab, 0x0d, 0x00, 0x00, 0x00, 
		0x00, 0x18, 0xbf, 0xbe, 0xe9, 0xbf, 0x40, 0x00, 0x00, 0x00, 0x00, 
		0x00, 0xbe, 0x17, 0x00, 0x00, 0x00, 0xbf, 0x17, 0x00, 0x00, 0x00, 
		0x24, 0xaa, 0x00, 0x00, 0x00, 0x00, 0x60, 0x60, 0x00, 0x00, 0x00, 
		0x23, 0x84, 0x00, 0x00, 0x00, 0x00, 0x50, 0x60, 0x00, 0x00, 0x00, 
		0x00, 0x97, 0x50, 0x00, 0x00, 0x18, 0xbf, 0x18, 0x00, 0x00, 0x00, 
		0x00, 0x0d, 0x97, 0xff, 0xff, 0xbf, 0x24, 0x00, 0x00, 0x00, 0x00, 
		0x00, 0x00, 0x00, 0x00, 0x00, 0x00, 0x00, 0x00, 0x00, 0x00, 0x00, 
		0x00, 0x00, 0x00, 0x00, 0x00, 0x00, 0x00, 0x00, 0x00, 0x00, 0x00, 
		0x00, 0x00, 0x00, 0x00, 0x00, 0x00, 0x00, 0x00, 0x00, 0x00, 0x00, 
		0x00, 0x00, 0x00, 0x00, 0x00, 0x00, 0x00, 0x00, 0x00, 0x00, 0x00, 
		0x00, 0x00, 0x00, 0x00, 0x00, 0x00, 0x00, 0x00, 0x00, 0x00, 0x00
	},
	// '9'
	{	0x00, 0x00, 0x00, 0x00, 0x00, 0x00, 0x00, 0x00, 0x00, 0x00, 0x00, 
		0x00, 0x00, 0x00, 0x00, 0x00, 0x00, 0x00, 0x00, 0x00, 0x00, 0x00, 
		0x00, 0x72, 0xff, 0xff, 0xbf, 0x24, 0x00, 0x00, 0x00, 0x00, 0x00, 
		0x4f, 0xbf, 0x18, 0x00, 0x24, 0xaa, 0x0d, 0x00, 0x00, 0x00, 0x00, 
		0xbe, 0x24, 0x00, 0x00, 0x00, 0x24, 0x60, 0x00, 0x00, 0x00, 0x00, 
		0xff, 0x00, 0x00, 0x00, 0x00, 0x18, 0xbf, 0x00, 0x00, 0x00, 0x00, 
		0xbe, 0x24, 0x00, 0x00, 0x00, 0x31, 0xe9, 0x00, 0x00, 0x00, 0x00, 
		0x60, 0xbf, 0x18, 0x00, 0x71, 0xd3, 0xff, 0x00, 0x00, 0x00, 0x00, 
		0x00, 0x71, 0xff, 0xff, 0xaa, 0x18, 0xe9, 0x00, 0x00, 0x00, 0x00, 
		0x00, 0x00, 0x00, 0x00, 0x00, 0x24, 0xab, 0x00, 0x00, 0x00, 0x00, 
		0x00, 0x00, 0x00, 0x00, 0x00, 0x97, 0x40, 0x00, 0x00, 0x00, 0x00, 
		0x23, 0x00, 0x00, 0x0d, 0xaa, 0x61, 0x00, 0x00, 0x00, 0x00, 0x00, 
		0x97, 0xff, 0xff, 0xaa, 0x32, 0x00, 0x00, 0x00, 0x00, 0x00, 0x00, 
		0x00, 0x00, 0x00, 0x00, 0x00, 0x00, 0x00, 0x00, 0x00, 0x00, 0x00, 
		0x00, 0x00, 0x00, 0x00, 0x00, 0x00, 0x00, 0x00, 0x00, 0x00, 0x00, 
		0x00, 0x00, 0x00, 0x00, 0x00, 0x00, 0x00, 0x00, 0x00, 0x00, 0x00, 
		0x00, 0x00, 0x00, 0x00, 0x00, 0x00, 0x00, 0x00, 0x00, 0x00, 0x00, 
		0x00, 0x00, 0x00, 0x00, 0x00, 0x00, 0x00, 0x00, 0x00, 0x00, 0x00
	},
	// ':'
	{	0x00, 0x00, 0x00, 0x00, 0x00, 0x00, 0x00, 0x00, 0x00, 0x00, 0x00, 
		0x00, 0x00, 0x00, 0x00, 0x00, 0x00, 0x00, 0x00, 0x00, 0x00, 0x00, 
		0x00, 0x00, 0x00, 0x00, 0x00, 0x00, 0x00, 0x00, 0x00, 0x00, 0x00, 
		0x00, 0x00, 0x00, 0x00, 0x00, 0x00, 0x00, 0x00, 0x00, 0x00, 0x00, 
		0x00, 0x00, 0x00, 0x00, 0x00, 0x00, 0x00, 0x00, 0x00, 0x00, 0x00, 
		0x00, 0x00, 0x17, 0xe9, 0xff, 0x60, 0x00, 0x00, 0x00, 0x00, 0x00, 
		0x00, 0x00, 0x18, 0xe9, 0xff, 0x60, 0x00, 0x00, 0x00, 0x00, 0x00, 
		0x00, 0x00, 0x00, 0x00, 0x00, 0x00, 0x00, 0x00, 0x00, 0x00, 0x00, 
		0x00, 0x00, 0x00, 0x00, 0x00, 0x00, 0x00, 0x00, 0x00, 0x00, 0x00, 
		0x00, 0x00, 0x00, 0x00, 0x00, 0x00, 0x00, 0x00, 0x00, 0x00, 0x00, 
		0x00, 0x00, 0x00, 0x00, 0x00, 0x00, 0x00, 0x00, 0x00, 0x00, 0x00, 
		0x00, 0x00, 0x17, 0xe9, 0xff, 0x60, 0x00, 0x00, 0x00, 0x00, 0x00, 
		0x00, 0x00, 0x18, 0xe9, 0xff, 0x60, 0x00, 0x00, 0x00, 0x00, 0x00, 
		0x00, 0x00, 0x00, 0x00, 0x00, 0x00, 0x00, 0x00, 0x00, 0x00, 0x00, 
		0x00, 0x00, 0x00, 0x00, 0x00, 0x00, 0x00, 0x00, 0x00, 0x00, 0x00, 
		0x00, 0x00, 0x00, 0x00, 0x00, 0x00, 0x00, 0x00, 0x00, 0x00, 0x00, 
		0x00, 0x00, 0x00, 0x00, 0x00, 0x00, 0x00, 0x00, 0x00, 0x00, 0x00, 
		0x00, 0x00, 0x00, 0x00, 0x00, 0x00, 0x00, 0x00, 0x00, 0x00, 0x00
	},
	// ';'
	{	0x00, 0x00, 0x00, 0x00, 0x00, 0x00, 0x00, 0x00, 0x00, 0x00, 0x00, 
		0x00, 0x00, 0x00, 0x00, 0x00, 0x00, 0x00, 0x00, 0x00, 0x00, 0x00, 
		0x00, 0x00, 0x00, 0x00, 0x00, 0x00, 0x00, 0x00, 0x00, 0x00, 0x00, 
		0x00, 0x00, 0x00, 0x00, 0x00, 0x00, 0x00, 0x00, 0x00, 0x00, 0x00, 
		0x00, 0x00, 0x00, 0x00, 0x00, 0x00, 0x00, 0x00, 0x00, 0x00, 0x00, 
		0x00, 0x00, 0x72, 0xff, 0xd3, 0x00, 0x00, 0x00, 0x00, 0x00, 0x00, 
		0x00, 0x00, 0x72, 0xff, 0xd4, 0x00, 0x00, 0x00, 0x00, 0x00, 0x00, 
		0x00, 0x00, 0x00, 0x00, 0x00, 0x00, 0x00, 0x00, 0x00, 0x00, 0x00, 
		0x00, 0x00, 0x00, 0x00, 0x00, 0x00, 0x00, 0x00, 0x00, 0x00, 0x00, 
		0x00, 0x00, 0x00, 0x00, 0x00, 0x00, 0x00, 0x00, 0x00, 0x00, 0x00, 
		0x00, 0x0d, 0xe9, 0xff, 0x50, 0x00, 0x00, 0x00, 0x00, 0x00, 0x00, 
		0x00, 0x40, 0xff, 0xbf, 0x00, 0x00, 0x00, 0x00, 0x00, 0x00, 0x00, 
		0x00, 0x71, 0xff, 0x32, 0x00, 0x00, 0x00, 0x00, 0x00, 0x00, 0x00, 
		0x00, 0xe9, 0xab, 0x00, 0x00, 0x00, 0x00, 0x00, 0x00, 0x00, 0x00, 
		0x18, 0xff, 0x18, 0x00, 0x00, 0x00, 0x00, 0x00, 0x00, 0x00, 0x00, 
		0x00, 0x00, 0x00, 0x00, 0x00, 0x00, 0x00, 0x00, 0x00, 0x00, 0x00, 
		0x00, 0x00, 0x00, 0x00, 0x00, 0x00, 0x00, 0x00, 0x00, 0x00, 0x00, 
		0x00, 0x00, 0x00, 0x00, 0x00, 0x00, 0x00, 0x00, 0x00, 0x00, 0x00
	},
	// '<'
	{	0x00, 0x00, 0x00, 0x00, 0x00, 0x00, 0x00, 0x00, 0x00, 0x00, 0x00, 
		0x00, 0x00, 0x00, 0x00, 0x00, 0x00, 0x00, 0x00, 0x00, 0x00, 0x00, 
		0x00, 0x00, 0x00, 0x00, 0x00, 0x00, 0x00, 0x00, 0x00, 0x00, 0x00, 
		0x00, 0x00, 0x00, 0x00, 0x00, 0x00, 0x00, 0x00, 0x00, 0x00, 0x00, 
		0x00, 0x00, 0x00, 0x00, 0x00, 0x00, 0x00, 0x61, 0xff, 0x32, 0x00, 
		0x00, 0x00, 0x00, 0x00, 0x00, 0x50, 0xd3, 0xaa, 0x17, 0x00, 0x00, 
		0x00, 0x00, 0x00, 0x32, 0xbe, 0xbf, 0x31, 0x00, 0x00, 0x00, 0x00, 
		0x00, 0x18, 0xaa, 0xd4, 0x50, 0x00, 0x00, 0x00, 0x00, 0x00, 0x00, 
		0x50, 0xff, 0xd3, 0x00, 0x00, 0x00, 0x00, 0x00, 0x00, 0x00, 0x00, 
		0x00, 0x18, 0xaa, 0xd4, 0x50, 0x00, 0x00, 0x00, 0x00, 0x00, 0x00, 
		0x00, 0x00, 0x00, 0x31, 0xbf, 0xbf, 0x31, 0x00, 0x00, 0x00, 0x00, 
		0x00, 0x00, 0x00, 0x00, 0x00, 0x50, 0xd3, 0xab, 0x18, 0x00, 0x00, 
		0x00, 0x00, 0x00, 0x00, 0x00, 0x00, 0x00, 0x60, 0xff, 0x24, 0x00, 
		0x00, 0x00, 0x00, 0x00, 0x00, 0x00, 0x00, 0x00, 0x00, 0x00, 0x00, 
		0x00, 0x00, 0x00, 0x00, 0x00, 0x00, 0x00, 0x00, 0x00, 0x00, 0x00, 
		0x00, 0x00, 0x00, 0x00, 0x00, 0x00, 0x00, 0x00, 0x00, 0x00, 0x00, 
		0x00, 0x00, 0x00, 0x00, 0x00, 0x00, 0x00, 0x00, 0x00, 0x00, 0x00, 
		0x00, 0x00, 0x00, 0x00, 0x00, 0x00, 0x00, 0x00, 0x00, 0x00, 0x00
	},
	// '='
	{	0x00, 0x00, 0x00, 0x00, 0x00, 0x00, 0x00, 0x00, 0x00, 0x00, 0x00, 
		0x00, 0x00, 0x00, 0x00, 0x00, 0x00, 0x00, 0x00, 0x00, 0x00, 0x00, 
		0x00, 0x00, 0x00, 0x00, 0x00, 0x00, 0x00, 0x00, 0x00, 0x00, 0x00, 
		0x00, 0x00, 0x00, 0x00, 0x00, 0x00, 0x00, 0x00, 0x00, 0x00, 0x00, 
		0x00, 0x00, 0x00, 0x00, 0x00, 0x00, 0x00, 0x00, 0x00, 0x00, 0x00, 
		0x00, 0x00, 0x00, 0x00, 0x00, 0x00, 0x00, 0x00, 0x00, 0x00, 0x00, 
		0x60, 0xff, 0xff, 0xff, 0xff, 0xff, 0xff, 0xff, 0xff, 0xaa, 0x00, 
		0x00, 0x00, 0x00, 0x00, 0x00, 0x00, 0x00, 0x00, 0x00, 0x00, 0x00, 
		0x00, 0x00, 0x00, 0x00, 0x00, 0x00, 0x00, 0x00, 0x00, 0x00, 0x00, 
		0x61, 0xff, 0xff, 0xff, 0xff, 0xff, 0xff, 0xff, 0xff, 0xaa, 0x00, 
		0x00, 0x00, 0x00, 0x00, 0x00, 0x00, 0x00, 0x00, 0x00, 0x00, 0x00, 
		0x00, 0x00, 0x00, 0x00, 0x00, 0x00, 0x00, 0x00, 0x00, 0x00, 0x00, 
		0x00, 0x00, 0x00, 0x00, 0x00, 0x00, 0x00, 0x00, 0x00, 0x00, 0x0d, 
		0x00, 0x00, 0x00, 0x00, 0x00, 0x00, 0x00, 0x00, 0x00, 0x00, 0x00, 
		0x00, 0x00, 0x00, 0x00, 0x00, 0x00, 0x00, 0x00, 0x00, 0x00, 0x00, 
		0x00, 0x00, 0x00, 0x00, 0x00, 0x00, 0x00, 0x00, 0x00, 0x00, 0x00, 
		0x00, 0x00, 0x00, 0x00, 0x00, 0x00, 0x00, 0x00, 0x00, 0x00, 0x00, 
		0x00, 0x00, 0x00, 0x00, 0x00, 0x00, 0x00, 0x00, 0x00, 0x00, 0x00
	},
	// '>'
	{	0x00, 0x00, 0x00, 0x00, 0x00, 0x00, 0x00, 0x00, 0x00, 0x00, 0x00, 
		0x00, 0x00, 0x00, 0x00, 0x00, 0x00, 0x00, 0x00, 0x00, 0x00, 0x00, 
		0x00, 0x00, 0x00, 0x00, 0x00, 0x00, 0x00, 0x00, 0x00, 0x00, 0x00, 
		0x00, 0x00, 0x00, 0x00, 0x00, 0x00, 0x00, 0x00, 0x00, 0x00, 0x00, 
		0xe9, 0x97, 0x0d, 0x00, 0x00, 0x00, 0x00, 0x00, 0x00, 0x00, 0x00, 
		0x00, 0x84, 0xff, 0x72, 0x00, 0x00, 0x00, 0x00, 0x00, 0x00, 0x00, 
		0x00, 0x00, 0x0d, 0x97, 0xe9, 0x60, 0x00, 0x00, 0x00, 0x00, 0x00, 
		0x00, 0x00, 0x00, 0x00, 0x24, 0xbf, 0xbe, 0x50, 0x00, 0x00, 0x00, 
		0x00, 0x00, 0x00, 0x00, 0x00, 0x00, 0x60, 0xff, 0x97, 0x00, 0x00, 
		0x00, 0x00, 0x00, 0x00, 0x23, 0xbf, 0xbf, 0x50, 0x00, 0x00, 0x00, 
		0x00, 0x00, 0x0d, 0x97, 0xe9, 0x60, 0x00, 0x00, 0x00, 0x00, 0x00, 
		0x00, 0x84, 0xff, 0x72, 0x00, 0x00, 0x00, 0x00, 0x00, 0x00, 0x00, 
		0xe9, 0x97, 0x0d, 0x00, 0x00, 0x00, 0x00, 0x00, 0x00, 0x00, 0x00, 
		0x00, 0x00, 0x00, 0x00, 0x00, 0x00, 0x00, 0x00, 0x00, 0x00, 0x00, 
		0x00, 0x00, 0x00, 0x00, 0x00, 0x00, 0x00, 0x00, 0x00, 0x00, 0x00, 
		0x00, 0x00, 0x00, 0x00, 0x00, 0x00, 0x00, 0x00, 0x00, 0x00, 0x00, 
		0x00, 0x00, 0x00, 0x00, 0x00, 0x00, 0x00, 0x00, 0x00, 0x00, 0x00, 
		0x00, 0x00, 0x00, 0x00, 0x00, 0x00, 0x00, 0x00, 0x00, 0x00, 0x00
	},
	// '?'
	{	0x00, 0x00, 0x00, 0x00, 0x00, 0x00, 0x00, 0x00, 0x00, 0x00, 0x00, 
		0x00, 0x00, 0x00, 0x00, 0x00, 0x00, 0x00, 0x00, 0x00, 0x00, 0x00, 
		0x00, 0x84, 0xff, 0xff, 0xff, 0x60, 0x00, 0x00, 0x00, 0x00, 0x00, 
		0xab, 0x97, 0x0d, 0x00, 0x31, 0xe9, 0x50, 0x00, 0x00, 0x00, 0x00, 
		0xaa, 0x31, 0x00, 0x00, 0x00, 0x50, 0xbe, 0x00, 0x00, 0x00, 0x00, 
		0x00, 0x00, 0x00, 0x00, 0x00, 0x18, 0xd3, 0x00, 0x00, 0x00, 0x00, 
		0x00, 0x00, 0x00, 0x00, 0x00, 0x61, 0x97, 0x00, 0x00, 0x00, 0x00, 
		0x00, 0x00, 0x00, 0x0d, 0x97, 0xbf, 0x17, 0x00, 0x00, 0x00, 0x00, 
		0x00, 0x00, 0x18, 0xff, 0x60, 0x00, 0x00, 0x00, 0x00, 0x00, 0x00, 
		0x00, 0x00, 0x0d, 0xe9, 0x00, 0x00, 0x00, 0x00, 0x00, 0x00, 0x00, 
		0x00, 0x00, 0x00, 0x00, 0x00, 0x00, 0x00, 0x00, 0x00, 0x00, 0x00, 
		0x00, 0x00, 0xaa, 0xff, 0xaa, 0x00, 0x00, 0x00, 0x00, 0x00, 0x00, 
		0x00, 0x00, 0xaa, 0xff, 0xaa, 0x00, 0x00, 0x00, 0x00, 0x00, 0x00, 
		0x00, 0x00, 0x00, 0x00, 0x00, 0x00, 0x00, 0x00, 0x00, 0x00, 0x00, 
		0x00, 0x00, 0x00, 0x00, 0x00, 0x00, 0x00, 0x00, 0x00, 0x00, 0x00, 
		0x00, 0x00, 0x00, 0x00, 0x00, 0x00, 0x00, 0x00, 0x00, 0x00, 0x00, 
		0x00, 0x00, 0x00, 0x00, 0x00, 0x00, 0x00, 0x00, 0x00, 0x00, 0x00, 
		0x00, 0x00, 0x00, 0x00, 0x00, 0x00, 0x00, 0x00, 0x00, 0x00, 0x00
	},
	// '@'
	{	0x00, 0x00, 0x00, 0x00, 0x00, 0x00, 0x00, 0x00, 0x00, 0x00, 0x00, 
		0x00, 0x00, 0x71, 0xff, 0xff, 0xbf, 0x17, 0x00, 0x00, 0x00, 0x00, 
		0x00, 0x60, 0xbf, 0x18, 0x00, 0x84, 0xbf, 0x00, 0x00, 0x00, 0x00, 
		0x0d, 0xff, 0x18, 0x00, 0x00, 0x00, 0xe9, 0x17, 0x00, 0x00, 0x00, 
		0x41, 0x96, 0x00, 0x00, 0x00, 0x00, 0xd4, 0x18, 0x00, 0x00, 0x00, 
		0x60, 0x61, 0x00, 0x0d, 0x97, 0xff, 0xff, 0x18, 0x00, 0x00, 0x00, 
		0x60, 0x61, 0x00, 0xaa, 0xaa, 0x00, 0xd3, 0x17, 0x00, 0x00, 0x00, 
		0x61, 0x60, 0x00, 0xff, 0x00, 0x00, 0xd4, 0x18, 0x00, 0x00, 0x00, 
		0x60, 0x60, 0x00, 0xd4, 0x50, 0x00, 0xd3, 0x17, 0x00, 0x00, 0x00, 
		0x60, 0x60, 0x00, 0x24, 0xbf, 0xff, 0xff, 0x61, 0x00, 0x00, 0x00, 
		0x40, 0x97, 0x00, 0x00, 0x00, 0x00, 0x00, 0x00, 0x00, 0x00, 0x00, 
		0x0d, 0xff, 0x18, 0x00, 0x00, 0x00, 0x00, 0x00, 0x00, 0x00, 0x00, 
		0x00, 0x72, 0xbe, 0x18, 0x00, 0x61, 0xbf, 0x00, 0x00, 0x00, 0x00, 
		0x00, 0x00, 0x96, 0xff, 0xff, 0xbf, 0x24, 0x00, 0x00, 0x00, 0x00, 
		0x00, 0x00, 0x00, 0x00, 0x00, 0x00, 0x00, 0x00, 0x00, 0x00, 0x00, 
		0x00, 0x00, 0x00, 0x00, 0x00, 0x00, 0x00, 0x00, 0x00, 0x00, 0x00, 
		0x00, 0x00, 0x00, 0x00, 0x00, 0x00, 0x00, 0x00, 0x00, 0x00, 0x00, 
		0x00, 0x00, 0x00, 0x00, 0x00, 0x00, 0x00, 0x00, 0x00, 0x00, 0x00
	},
	// 'A'
	{	0x00, 0x00, 0x00, 0x00, 0x00, 0x00, 0x00, 0x00, 0x00, 0x00, 0x00, 
		0x00, 0x00, 0x00, 0x00, 0x00, 0x00, 0x00, 0x00, 0x00, 0x00, 0x00, 
		0x00, 0x00, 0x00, 0x00, 0x00, 0x00, 0x00, 0x00, 0x00, 0x00, 0x00, 
		0x00, 0x18, 0xff, 0xff, 0xff, 0xff, 0xd4, 0x00, 0x00, 0x00, 0x00, 
		0x00, 0x00, 0x00, 0x00, 0xab, 0x61, 0xe9, 0x31, 0x00, 0x00, 0x00, 
		0x00, 0x00, 0x00, 0x24, 0xff, 0x0d, 0x71, 0x84, 0x00, 0x00, 0x00, 
		0x00, 0x00, 0x00, 0x72, 0x84, 0x00, 0x23, 0xe9, 0x0d, 0x00, 0x00, 
		0x00, 0x00, 0x00, 0xe9, 0x31, 0x00, 0x00, 0xbf, 0x4f, 0x00, 0x00, 
		0x00, 0x00, 0x40, 0xd3, 0x00, 0x00, 0x00, 0x60, 0xaa, 0x00, 0x00, 
		0x00, 0x00, 0xab, 0xff, 0xff, 0xff, 0xff, 0xff, 0xff, 0x0c, 0x00, 
		0x00, 0x17, 0xff, 0x17, 0x00, 0x00, 0x00, 0x00, 0xaa, 0x60, 0x00, 
		0x00, 0x60, 0xab, 0x00, 0x00, 0x00, 0x00, 0x00, 0x4f, 0xbf, 0x00, 
		0xab, 0xff, 0xff, 0xff, 0x31, 0x00, 0x00, 0xff, 0xff, 0xff, 0xff, 
		0x00, 0x00, 0x00, 0x00, 0x00, 0x00, 0x00, 0x00, 0x00, 0x00, 0x00, 
		0x00, 0x00, 0x00, 0x00, 0x00, 0x00, 0x00, 0x00, 0x00, 0x00, 0x00, 
		0x00, 0x00, 0x00, 0x00, 0x00, 0x00, 0x00, 0x00, 0x00, 0x00, 0x00, 
		0x00, 0x00, 0x00, 0x00, 0x00, 0x00, 0x00, 0x00, 0x00, 0x00, 0x00, 
		0x00, 0x00, 0x00, 0x00, 0x00, 0x00, 0x00, 0x00, 0x00, 0x00, 0x00
	},
	// 'B'
	{	0x00, 0x00, 0x00, 0x00, 0x00, 0x00, 0x00, 0x00, 0x00, 0x00, 0x00, 
		0x00, 0x00, 0x00, 0x00, 0x00, 0x00, 0x00, 0x00, 0x00, 0x00, 0x00, 
		0x00, 0x00, 0x00, 0x00, 0x00, 0x00, 0x00, 0x00, 0x00, 0x00, 0x00, 
		0xff, 0xff, 0xff, 0xff, 0xff, 0xff, 0xd4, 0x31, 0x00, 0x00, 0x00, 
		0x00, 0xaa, 0x31, 0x00, 0x00, 0x00, 0x50, 0xff, 0x18, 0x00, 0x00, 
		0x00, 0xaa, 0x31, 0x00, 0x00, 0x00, 0x00, 0x97, 0x50, 0x00, 0x00, 
		0x00, 0xab, 0x31, 0x00, 0x00, 0x00, 0x60, 0xd4, 0x0d, 0x00, 0x00, 
		0x00, 0xaa, 0xff, 0xff, 0xff, 0xff, 0xff, 0x60, 0x00, 0x00, 0x00, 
		0x00, 0xaa, 0x31, 0x00, 0x00, 0x00, 0x24, 0xbe, 0x84, 0x00, 0x00, 
		0x00, 0xab, 0x31, 0x00, 0x00, 0x00, 0x00, 0x00, 0xe9, 0x0d, 0x00, 
		0x00, 0xaa, 0x32, 0x00, 0x00, 0x00, 0x00, 0x00, 0xe9, 0x24, 0x00, 
		0x00, 0xab, 0x31, 0x00, 0x00, 0x00, 0x00, 0x97, 0xbf, 0x00, 0x00, 
		0xff, 0xff, 0xff, 0xff, 0xff, 0xff, 0xff, 0xab, 0x17, 0x00, 0x00, 
		0x00, 0x00, 0x00, 0x00, 0x00, 0x00, 0x00, 0x00, 0x00, 0x00, 0x00, 
		0x00, 0x00, 0x00, 0x00, 0x00, 0x00, 0x00, 0x00, 0x00, 0x00, 0x00, 
		0x00, 0x00, 0x00, 0x00, 0x00, 0x00, 0x00, 0x00, 0x00, 0x00, 0x00, 
		0x00, 0x00, 0x00, 0x00, 0x00, 0x00, 0x00, 0x00, 0x00, 0x00, 0x00, 
		0x00, 0x00, 0x00, 0x00, 0x00, 0x00, 0x00, 0x00, 0x00, 0x00, 0x00
	},
	// 'C'
	{	0x00, 0x00, 0x00, 0x00, 0x00, 0x00, 0x00, 0x00, 0x00, 0x00, 0x00, 
		0x00, 0x00, 0x00, 0x00, 0x00, 0x00, 0x00, 0x00, 0x00, 0x00, 0x00, 
		0x00, 0x00, 0x00, 0x00, 0x00, 0x00, 0x00, 0x00, 0x00, 0x00, 0x00, 
		0x00, 0x00, 0x60, 0xe9, 0xff, 0xff, 0x84, 0x31, 0xab, 0x00, 0x00, 
		0x00, 0x97, 0x84, 0x0d, 0x00, 0x00, 0x32, 0xd4, 0xaa, 0x00, 0x00, 
		0x50, 0x72, 0x00, 0x00, 0x00, 0x00, 0x00, 0x40, 0xaa, 0x00, 0x00, 
		0x97, 0x40, 0x00, 0x00, 0x00, 0x00, 0x00, 0x00, 0x00, 0x00, 0x00, 
		0xab, 0x32, 0x00, 0x00, 0x00, 0x00, 0x00, 0x00, 0x00, 0x00, 0x00, 
		0xaa, 0x31, 0x00, 0x00, 0x00, 0x00, 0x00, 0x00, 0x00, 0x00, 0x00, 
		0x97, 0x60, 0x00, 0x00, 0x00, 0x00, 0x00, 0x00, 0x00, 0x00, 0x00, 
		0x32, 0xbe, 0x00, 0x00, 0x00, 0x00, 0x00, 0x24, 0xe9, 0x0d, 0x00, 
		0x00, 0x60, 0xbf, 0x0d, 0x00, 0x00, 0x60, 0xe9, 0x50, 0x00, 0x00, 
		0x00, 0x00, 0x50, 0xbf, 0xff, 0xff, 0xbf, 0x31, 0x00, 0x00, 0x00, 
		0x00, 0x00, 0x00, 0x00, 0x00, 0x00, 0x00, 0x00, 0x00, 0x00, 0x00, 
		0x00, 0x00, 0x00, 0x00, 0x00, 0x00, 0x00, 0x00, 0x00, 0x00, 0x00, 
		0x00, 0x00, 0x00, 0x00, 0x00, 0x00, 0x00, 0x00, 0x00, 0x00, 0x00, 
		0x00, 0x00, 0x00, 0x00, 0x00, 0x00, 0x00, 0x00, 0x00, 0x00, 0x00, 
		0x00, 0x00, 0x00, 0x00, 0x00, 0x00, 0x00, 0x00, 0x00, 0x00, 0x00
	},
	// 'D'
	{	0x00, 0x00, 0x00, 0x00, 0x00, 0x00, 0x00, 0x00, 0x00, 0x00, 0x00, 
		0x00, 0x00, 0x00, 0x00, 0x00, 0x00, 0x00, 0x00, 0x00, 0x00, 0x00, 
		0x00, 0x00, 0x00, 0x00, 0x00, 0x00, 0x00, 0x00, 0x00, 0x00, 0x00, 
		0xff, 0xff, 0xff, 0xff, 0xff, 0xff, 0x84, 0x00, 0x00, 0x00, 0x00, 
		0x00, 0xaa, 0x31, 0x00, 0x00, 0x00, 0x61, 0xbf, 0x00, 0x00, 0x00, 
		0x00, 0xab, 0x31, 0x00, 0x00, 0x00, 0x00, 0x84, 0x50, 0x00, 0x00, 
		0x00, 0xab, 0x32, 0x00, 0x00, 0x00, 0x00, 0x31, 0xbf, 0x00, 0x00, 
		0x00, 0xab, 0x31, 0x00, 0x00, 0x00, 0x00, 0x18, 0xd4, 0x00, 0x00, 
		0x00, 0xaa, 0x31, 0x00, 0x00, 0x00, 0x00, 0x17, 0xd4, 0x00, 0x00, 
		0x00, 0xab, 0x31, 0x00, 0x00, 0x00, 0x00, 0x24, 0xbe, 0x00, 0x00, 
		0x00, 0xaa, 0x32, 0x00, 0x00, 0x00, 0x00, 0x72, 0x60, 0x00, 0x00, 
		0x00, 0xaa, 0x32, 0x00, 0x00, 0x00, 0x61, 0xbf, 0x00, 0x00, 0x00, 
		0xff, 0xff, 0xff, 0xff, 0xff, 0xff, 0x84, 0x00, 0x00, 0x00, 0x00, 
		0x00, 0x00, 0x00, 0x00, 0x00, 0x00, 0x00, 0x00, 0x00, 0x00, 0x00, 
		0x00, 0x00, 0x00, 0x00, 0x00, 0x00, 0x00, 0x00, 0x00, 0x00, 0x00, 
		0x00, 0x00, 0x00, 0x00, 0x00, 0x00, 0x00, 0x00, 0x00, 0x00, 0x00, 
		0x00, 0x00, 0x00, 0x00, 0x00, 0x00, 0x00, 0x00, 0x00, 0x00, 0x00, 
		0x00, 0x00, 0x00, 0x00, 0x00, 0x00, 0x00, 0x00, 0x00, 0x00, 0x00
	},
	// 'E'
	{	0x00, 0x00, 0x00, 0x00, 0x00, 0x00, 0x00, 0x00, 0x00, 0x00, 0x00, 
		0x00, 0x00, 0x00, 0x00, 0x00, 0x00, 0x00, 0x00, 0x00, 0x00, 0x00, 
		0x00, 0x00, 0x00, 0x00, 0x00, 0x00, 0x00, 0x00, 0x00, 0x00, 0x00, 
		0xff, 0xff, 0xff, 0xff, 0xff, 0xff, 0xff, 0xff, 0x60, 0x00, 0x00, 
		0x00, 0xaa, 0x31, 0x00, 0x00, 0x00, 0x00, 0x84, 0x60, 0x00, 0x00, 
		0x00, 0xab, 0x32, 0x00, 0x00, 0x00, 0x00, 0x60, 0x61, 0x00, 0x00, 
		0x00, 0xab, 0x31, 0x00, 0x4f, 0xaa, 0x00, 0x00, 0x00, 0x00, 0x00, 
		0x00, 0xab, 0xff, 0xff, 0xff, 0xab, 0x00, 0x00, 0x00, 0x00, 0x00, 
		0x00, 0xab, 0x32, 0x00, 0x40, 0x97, 0x00, 0x00, 0x00, 0x00, 0x00, 
		0x00, 0xaa, 0x32, 0x00, 0x00, 0x00, 0x00, 0x31, 0xd3, 0x00, 0x00, 
		0x00, 0xaa, 0x31, 0x00, 0x00, 0x00, 0x00, 0x32, 0xd4, 0x00, 0x00, 
		0x00, 0xaa, 0x31, 0x00, 0x00, 0x00, 0x00, 0x31, 0xd4, 0x00, 0x00, 
		0xff, 0xff, 0xff, 0xff, 0xff, 0xff, 0xff, 0xff, 0xd4, 0x00, 0x00, 
		0x00, 0x00, 0x00, 0x00, 0x00, 0x00, 0x00, 0x00, 0x00, 0x00, 0x00, 
		0x00, 0x00, 0x00, 0x00, 0x00, 0x00, 0x00, 0x00, 0x00, 0x00, 0x00, 
		0x00, 0x00, 0x00, 0x00, 0x00, 0x00, 0x00, 0x00, 0x00, 0x00, 0x00, 
		0x00, 0x00, 0x00, 0x00, 0x00, 0x00, 0x00, 0x00, 0x00, 0x00, 0x00, 
		0x00, 0x00, 0x00, 0x00, 0x00, 0x00, 0x00, 0x00, 0x00, 0x00, 0x00
	},
	// 'F'
	{	0x00, 0x00, 0x00, 0x00, 0x00, 0x00, 0x00, 0x00, 0x00, 0x00, 0x00, 
		0x00, 0x00, 0x00, 0x00, 0x00, 0x00, 0x00, 0x00, 0x00, 0x00, 0x00, 
		0x00, 0x00, 0x00, 0x00, 0x00, 0x00, 0x00, 0x00, 0x00, 0x00, 0x00, 
		0x84, 0xff, 0xff, 0xff, 0xff, 0xff, 0xff, 0xff, 0xff, 0x32, 0x00, 
		0x00, 0x50, 0x84, 0x00, 0x00, 0x00, 0x00, 0x00, 0xab, 0x31, 0x00, 
		0x00, 0x4f, 0x84, 0x00, 0x00, 0x00, 0x00, 0x00, 0xab, 0x24, 0x00, 
		0x00, 0x50, 0x84, 0x00, 0x00, 0xff, 0x18, 0x00, 0x00, 0x00, 0x00, 
		0x00, 0x50, 0xff, 0xff, 0xff, 0xff, 0x18, 0x00, 0x00, 0x00, 0x00, 
		0x00, 0x50, 0x84, 0x00, 0x00, 0xe9, 0x0d, 0x00, 0x00, 0x00, 0x00, 
		0x00, 0x50, 0x84, 0x00, 0x00, 0x00, 0x00, 0x00, 0x00, 0x00, 0x00, 
		0x00, 0x4f, 0x84, 0x00, 0x00, 0x00, 0x00, 0x00, 0x00, 0x00, 0x00, 
		0x00, 0x50, 0x84, 0x00, 0x00, 0x00, 0x00, 0x00, 0x00, 0x00, 0x00, 
		0x84, 0xff, 0xff, 0xff, 0xff, 0xaa, 0x00, 0x00, 0x00, 0x00, 0x00, 
		0x00, 0x00, 0x00, 0x00, 0x00, 0x00, 0x00, 0x00, 0x00, 0x00, 0x00, 
		0x00, 0x00, 0x00, 0x00, 0x00, 0x00, 0x00, 0x00, 0x00, 0x00, 0x00, 
		0x00, 0x00, 0x00, 0x00, 0x00, 0x00, 0x00, 0x00, 0x00, 0x00, 0x00, 
		0x00, 0x00, 0x00, 0x00, 0x00, 0x00, 0x00, 0x00, 0x00, 0x00, 0x00, 
		0x00, 0x00, 0x00, 0x00, 0x00, 0x00, 0x00, 0x00, 0x00, 0x00, 0x00
	},
	// 'G'
	{	0x00, 0x00, 0x00, 0x00, 0x00, 0x00, 0x00, 0x00, 0x00, 0x00, 0x00, 
		0x00, 0x00, 0x00, 0x00, 0x00, 0x00, 0x00, 0x00, 0x00, 0x00, 0x00, 
		0x00, 0x00, 0x00, 0x00, 0x00, 0x00, 0x00, 0x00, 0x00, 0x00, 0x00, 
		0x00, 0x00, 0x60, 0xd3, 0xff, 0xff, 0xab, 0x40, 0xab, 0x00, 0x00, 
		0x00, 0x84, 0x84, 0x00, 0x00, 0x00, 0x4f, 0xbf, 0xaa, 0x00, 0x00, 
		0x40, 0xaa, 0x00, 0x00, 0x00, 0x00, 0x00, 0x31, 0xaa, 0x00, 0x00, 
		0x97, 0x50, 0x00, 0x00, 0x00, 0x00, 0x00, 0x00, 0x00, 0x00, 0x00, 
		0xaa, 0x31, 0x00, 0x00, 0x00, 0x00, 0x00, 0x00, 0x00, 0x00, 0x00, 
		0xab, 0x31, 0x00, 0x00, 0x31, 0xff, 0xff, 0xff, 0xff, 0x60, 0x00, 
		0x97, 0x40, 0x00, 0x00, 0x00, 0x00, 0x00, 0x31, 0xab, 0x00, 0x00, 
		0x4f, 0x84, 0x00, 0x00, 0x00, 0x00, 0x00, 0x31, 0xaa, 0x00, 0x00, 
		0x00, 0x96, 0x84, 0x00, 0x00, 0x00, 0x00, 0x61, 0xab, 0x00, 0x00, 
		0x00, 0x00, 0x60, 0xff, 0xff, 0xff, 0xff, 0x84, 0x0d, 0x00, 0x00, 
		0x00, 0x00, 0x00, 0x00, 0x00, 0x00, 0x00, 0x00, 0x00, 0x00, 0x00, 
		0x00, 0x00, 0x00, 0x00, 0x00, 0x00, 0x00, 0x00, 0x00, 0x00, 0x00, 
		0x00, 0x00, 0x00, 0x00, 0x00, 0x00, 0x00, 0x00, 0x00, 0x00, 0x00, 
		0x00, 0x00, 0x00, 0x00, 0x00, 0x00, 0x00, 0x00, 0x00, 0x00, 0x00, 
		0x00, 0x00, 0x00, 0x00, 0x00, 0x00, 0x00, 0x00, 0x00, 0x00, 0x00
	},
	// 'H'
	{	0x00, 0x00, 0x00, 0x00, 0x00, 0x00, 0x00, 0x00, 0x00, 0x00, 0x00, 
		0x00, 0x00, 0x00, 0x00, 0x00, 0x00, 0x00, 0x00, 0x00, 0x00, 0x00, 
		0x00, 0x00, 0x00, 0x00, 0x00, 0x00, 0x00, 0x00, 0x00, 0x00, 0x00, 
		0x61, 0xff, 0xff, 0x84, 0x00, 0x31, 0xff, 0xff, 0xd4, 0x00, 0x00, 
		0x00, 0x84, 0x4f, 0x00, 0x00, 0x00, 0x00, 0xff, 0x00, 0x00, 0x00, 
		0x00, 0x84, 0x4f, 0x00, 0x00, 0x00, 0x00, 0xff, 0x00, 0x00, 0x00, 
		0x00, 0x84, 0x50, 0x00, 0x00, 0x00, 0x00, 0xff, 0x00, 0x00, 0x00, 
		0x00, 0x84, 0xff, 0xff, 0xff, 0xff, 0xff, 0xff, 0x00, 0x00, 0x00, 
		0x00, 0x84, 0x50, 0x00, 0x00, 0x00, 0x00, 0xff, 0x00, 0x00, 0x00, 
		0x00, 0x84, 0x50, 0x00, 0x00, 0x00, 0x00, 0xff, 0x00, 0x00, 0x00, 
		0x00, 0x84, 0x50, 0x00, 0x00, 0x00, 0x00, 0xff, 0x00, 0x00, 0x00, 
		0x00, 0x84, 0x50, 0x00, 0x00, 0x00, 0x00, 0xff, 0x00, 0x00, 0x00, 
		0xd3, 0xff, 0xff, 0x84, 0x00, 0x32, 0xff, 0xff, 0xff, 0x31, 0x00, 
		0x00, 0x00, 0x00, 0x00, 0x00, 0x00, 0x00, 0x00, 0x00, 0x00, 0x00, 
		0x00, 0x00, 0x00, 0x00, 0x00, 0x00, 0x00, 0x00, 0x00, 0x00, 0x00, 
		0x00, 0x00, 0x00, 0x00, 0x00, 0x00, 0x00, 0x00, 0x00, 0x00, 0x00, 
		0x00, 0x00, 0x00, 0x00, 0x00, 0x00, 0x00, 0x00, 0x00, 0x00, 0x00, 
		0x00, 0x00, 0x00, 0x00, 0x00, 0x00, 0x00, 0x00, 0x00, 0x00, 0x00
	},
	// 'I'
	{	0x00, 0x00, 0x00, 0x00, 0x00, 0x00, 0x00, 0x00, 0x00, 0x00, 0x00, 
		0x00, 0x00, 0x00, 0x00, 0x00, 0x00, 0x00, 0x00, 0x00, 0x00, 0x00, 
		0x00, 0x00, 0x00, 0x00, 0x00, 0x00, 0x00, 0x00, 0x00, 0x00, 0x00, 
		0xd4, 0xff, 0xff, 0xff, 0xff, 0xff, 0xff, 0x18, 0x00, 0x00, 0x00, 
		0x00, 0x00, 0x00, 0xd3, 0x17, 0x00, 0x00, 0x00, 0x00, 0x00, 0x00, 
		0x00, 0x00, 0x00, 0xd4, 0x17, 0x00, 0x00, 0x00, 0x00, 0x00, 0x00, 
		0x00, 0x00, 0x00, 0xd3, 0x18, 0x00, 0x00, 0x00, 0x00, 0x00, 0x00, 
		0x00, 0x00, 0x00, 0xd4, 0x17, 0x00, 0x00, 0x00, 0x00, 0x00, 0x00, 
		0x00, 0x00, 0x00, 0xd3, 0x17, 0x00, 0x00, 0x00, 0x00, 0x00, 0x00, 
		0x00, 0x00, 0x00, 0xd3, 0x18, 0x00, 0x00, 0x00, 0x00, 0x00, 0x00, 
		0x00, 0x00, 0x00, 0xd4, 0x18, 0x00, 0x00, 0x00, 0x00, 0x00, 0x00, 
		0x00, 0x00, 0x00, 0xd3, 0x17, 0x00, 0x00, 0x00, 0x00, 0x00, 0x00, 
		0xd3, 0xff, 0xff, 0xff, 0xff, 0xff, 0xff, 0x18, 0x00, 0x00, 0x00, 
		0x00, 0x00, 0x00, 0x00, 0x00, 0x00, 0x00, 0x00, 0x00, 0x00, 0x00, 
		0x00, 0x00, 0x00, 0x00, 0x00, 0x00, 0x00, 0x00, 0x00, 0x00, 0x00, 
		0x00, 0x00, 0x00, 0x00, 0x00, 0x00, 0x00, 0x00, 0x00, 0x00, 0x00, 
		0x00, 0x00, 0x00, 0x00, 0x00, 0x00, 0x00, 0x00, 0x00, 0x00, 0x00, 
		0x00, 0x00, 0x00, 0x00, 0x00, 0x00, 0x00, 0x00, 0x00, 0x00, 0x00
	},
	// 'J'
	{	0x00, 0x00, 0x00, 0x00, 0x00, 0x00, 0x00, 0x00, 0x00, 0x00, 0x00, 
		0x00, 0x00, 0x00, 0x00, 0x00, 0x00, 0x00, 0x00, 0x00, 0x00, 0x00, 
		0x00, 0x00, 0x00, 0x00, 0x00, 0x00, 0x00, 0x00, 0x00, 0x00, 0x00, 
		0x00, 0x00, 0x00, 0xff, 0xff, 0xff, 0xff, 0xff, 0xff, 0x84, 0x00, 
		0x00, 0x00, 0x00, 0x00, 0x00, 0x00, 0x84, 0x50, 0x00, 0x00, 0x00, 
		0x00, 0x00, 0x00, 0x00, 0x00, 0x00, 0x84, 0x50, 0x00, 0x00, 0x00, 
		0x00, 0x00, 0x00, 0x00, 0x00, 0x00, 0x84, 0x50, 0x00, 0x00, 0x00, 
		0x00, 0x00, 0x00, 0x00, 0x00, 0x00, 0x84, 0x50, 0x00, 0x00, 0x00, 
		0x72, 0x60, 0x00, 0x00, 0x00, 0x00, 0x84, 0x50, 0x00, 0x00, 0x00, 
		0x84, 0x61, 0x00, 0x00, 0x00, 0x00, 0x84, 0x50, 0x00, 0x00, 0x00, 
		0x84, 0x61, 0x00, 0x00, 0x00, 0x00, 0xbf, 0x40, 0x00, 0x00, 0x00, 
		0x31, 0xff, 0x60, 0x00, 0x00, 0x97, 0xd4, 0x0d, 0x00, 0x00, 0x00, 
		0x00, 0x23, 0xbf, 0xff, 0xff, 0xab, 0x17, 0x00, 0x00, 0x00, 0x00, 
		0x00, 0x00, 0x00, 0x00, 0x00, 0x00, 0x00, 0x00, 0x00, 0x00, 0x00, 
		0x00, 0x00, 0x00, 0x00, 0x00, 0x00, 0x00, 0x00, 0x00, 0x00, 0x00, 
		0x00, 0x00, 0x00, 0x00, 0x00, 0x00, 0x00, 0x00, 0x00, 0x00, 0x00, 
		0x00, 0x00, 0x00, 0x00, 0x00, 0x00, 0x00, 0x00, 0x00, 0x00, 0x00, 
		0x00, 0x00, 0x00, 0x00, 0x00, 0x00, 0x00, 0x00, 0x00, 0x00, 0x00
	},
	// 'K'
	{	0x00, 0x00, 0x00, 0x00, 0x00, 0x00, 0x00, 0x00, 0x00, 0x00, 0x00, 
		0x00, 0x00, 0x00, 0x00, 0x00, 0x00, 0x00, 0x00, 0x00, 0x00, 0x00, 
		0x00, 0x00, 0x00, 0x00, 0x00, 0x00, 0x00, 0x00, 0x00, 0x00, 0x00, 
		0x61, 0xff, 0xff, 0xff, 0xab, 0x00, 0xff, 0xff, 0xff, 0x84, 0x00, 
		0x00, 0x31, 0xd4, 0x00, 0x00, 0x00, 0x32, 0xd4, 0x32, 0x00, 0x00, 
		0x00, 0x31, 0xd4, 0x00, 0x00, 0x60, 0xd3, 0x18, 0x00, 0x00, 0x00, 
		0x00, 0x31, 0xd4, 0x00, 0x84, 0xbe, 0x0c, 0x00, 0x00, 0x00, 0x00, 
		0x00, 0x31, 0xe9, 0xbf, 0xe9, 0x61, 0x00, 0x00, 0x00, 0x00, 0x00, 
		0x00, 0x31, 0xff, 0x60, 0x17, 0xaa, 0xaa, 0x00, 0x00, 0x00, 0x00, 
		0x00, 0x31, 0xd4, 0x00, 0x00, 0x00, 0x72, 0x72, 0x00, 0x00, 0x00, 
		0x00, 0x32, 0xd4, 0x00, 0x00, 0x00, 0x00, 0xd4, 0x31, 0x00, 0x00, 
		0x00, 0x31, 0xd4, 0x00, 0x00, 0x00, 0x00, 0x50, 0xaa, 0x00, 0x00, 
		0x60, 0xff, 0xff, 0xff, 0xaa, 0x00, 0x00, 0x00, 0xd4, 0xff, 0x61, 
		0x00, 0x00, 0x00, 0x00, 0x00, 0x00, 0x00, 0x00, 0x00, 0x00, 0x00, 
		0x00, 0x00, 0x00, 0x00, 0x00, 0x00, 0x00, 0x00, 0x00, 0x00, 0x00, 
		0x00, 0x00, 0x00, 0x00, 0x00, 0x00, 0x00, 0x00, 0x00, 0x00, 0x00, 
		0x00, 0x00, 0x00, 0x00, 0x00, 0x00, 0x00, 0x00, 0x00, 0x00, 0x00, 
		0x00, 0x00, 0x00, 0x00, 0x00, 0x00, 0x00, 0x00, 0x00, 0x00, 0x00
	},
	// 'L'
	{	0x00, 0x00, 0x00, 0x00, 0x00, 0x00, 0x00, 0x00, 0x00, 0x00, 0x00, 
		0x00, 0x00, 0x00, 0x00, 0x00, 0x00, 0x00, 0x00, 0x00, 0x00, 0x00, 
		0x00, 0x00, 0x00, 0x00, 0x00, 0x00, 0x00, 0x00, 0x00, 0x00, 0x00, 
		0x31, 0xff, 0xff, 0xff, 0xff, 0xff, 0x31, 0x00, 0x00, 0x00, 0x00, 
		0x00, 0x00, 0x00, 0xff, 0x00, 0x00, 0x00, 0x00, 0x00, 0x00, 0x00, 
		0x00, 0x00, 0x00, 0xff, 0x00, 0x00, 0x00, 0x00, 0x00, 0x00, 0x00, 
		0x00, 0x00, 0x00, 0xff, 0x00, 0x00, 0x00, 0x00, 0x00, 0x00, 0x00, 
		0x00, 0x00, 0x00, 0xff, 0x00, 0x00, 0x00, 0x00, 0x00, 0x00, 0x00, 
		0x00, 0x00, 0x00, 0xff, 0x00, 0x00, 0x00, 0x00, 0x00, 0x00, 0x00, 
		0x00, 0x00, 0x00, 0xff, 0x00, 0x00, 0x00, 0x00, 0x50, 0x84, 0x00, 
		0x00, 0x00, 0x00, 0xff, 0x00, 0x00, 0x00, 0x00, 0x50, 0x84, 0x00, 
		0x00, 0x00, 0x00, 0xff, 0x00, 0x00, 0x00, 0x00, 0x50, 0x84, 0x00, 
		0x31, 0xff, 0xff, 0xff, 0xff, 0xff, 0xff, 0xff, 0xff, 0x84, 0x00, 
		0x00, 0x00, 0x00, 0x00, 0x00, 0x00, 0x00, 0x00, 0x00, 0x00, 0x00, 
		0x00, 0x00, 0x00, 0x00, 0x00, 0x00, 0x00, 0x00, 0x00, 0x00, 0x00, 
		0x00, 0x00, 0x00, 0x00, 0x00, 0x00, 0x00, 0x00, 0x00, 0x00, 0x00, 
		0x00, 0x00, 0x00, 0x00, 0x00, 0x00, 0x00, 0x00, 0x00, 0x00, 0x00, 
		0x00, 0x00, 0x00, 0x00, 0x00, 0x00, 0x00, 0x00, 0x00, 0x00, 0x00
	},
	// 'M'
	{	0x00, 0x00, 0x00, 0x00, 0x00, 0x00, 0x00, 0x00, 0x00, 0x00, 0x00, 
		0x00, 0x00, 0x00, 0x00, 0x00, 0x00, 0x00, 0x00, 0x00, 0x00, 0x00, 
		0x00, 0x00, 0x00, 0x00, 0x00, 0x00, 0x00, 0x00, 0x00, 0x00, 0x00, 
		0x50, 0xff, 0xff, 0x50, 0x00, 0x00, 0x00, 0x0d, 0xe9, 0xff, 0xaa, 
		0x00, 0x60, 0xd4, 0xd4, 0x00, 0x00, 0x00, 0x60, 0xd4, 0xd4, 0x00, 
		0x00, 0x60, 0x61, 0xd4, 0x40, 0x00, 0x00, 0xd3, 0x60, 0xd4, 0x00, 
		0x00, 0x61, 0x61, 0x60, 0xaa, 0x00, 0x31, 0xe9, 0x17, 0xd4, 0x00, 
		0x00, 0x61, 0x60, 0x0d, 0xe9, 0x31, 0x97, 0x60, 0x17, 0xd3, 0x00, 
		0x00, 0x60, 0x60, 0x00, 0x61, 0xbf, 0xff, 0x17, 0x17, 0xd4, 0x00, 
		0x00, 0x60, 0x61, 0x00, 0x0d, 0xe9, 0x97, 0x00, 0x18, 0xd3, 0x00, 
		0x00, 0x60, 0x60, 0x00, 0x00, 0x00, 0x00, 0x00, 0x17, 0xd4, 0x00, 
		0x00, 0x60, 0x60, 0x00, 0x00, 0x00, 0x00, 0x00, 0x18, 0xd4, 0x00, 
		0xab, 0xff, 0xff, 0xff, 0x50, 0x00, 0x00, 0xff, 0xff, 0xff, 0xff, 
		0x00, 0x00, 0x00, 0x00, 0x00, 0x00, 0x00, 0x00, 0x00, 0x00, 0x00, 
		0x00, 0x00, 0x00, 0x00, 0x00, 0x00, 0x00, 0x00, 0x00, 0x00, 0x00, 
		0x00, 0x00, 0x00, 0x00, 0x00, 0x00, 0x00, 0x00, 0x00, 0x00, 0x00, 
		0x00, 0x00, 0x00, 0x00, 0x00, 0x00, 0x00, 0x00, 0x00, 0x00, 0x00, 
		0x00, 0x00, 0x00, 0x00, 0x00, 0x00, 0x00, 0x00, 0x00, 0x00, 0x00
	},
	// 'N'
	{	0x00, 0x00, 0x00, 0x00, 0x00, 0x00, 0x00, 0x00, 0x00, 0x00, 0x00, 
		0x00, 0x00, 0x00, 0x00, 0x00, 0x00, 0x00, 0x00, 0x00, 0x00, 0x00, 
		0x00, 0x00, 0x00, 0x00, 0x00, 0x00, 0x00, 0x00, 0x00, 0x00, 0x00, 
		0xab, 0xff, 0xff, 0x24, 0x00, 0x00, 0xff, 0xff, 0xff, 0xff, 0x17, 
		0x00, 0x60, 0xd4, 0xaa, 0x00, 0x00, 0x00, 0x31, 0xd3, 0x00, 0x00, 
		0x00, 0x60, 0x60, 0xd3, 0x50, 0x00, 0x00, 0x32, 0xd4, 0x00, 0x00, 
		0x00, 0x61, 0x61, 0x40, 0xd4, 0x00, 0x00, 0x31, 0xd4, 0x00, 0x00, 
		0x00, 0x60, 0x61, 0x00, 0xaa, 0x60, 0x00, 0x32, 0xd4, 0x00, 0x00, 
		0x00, 0x61, 0x61, 0x00, 0x18, 0xe9, 0x18, 0x31, 0xd3, 0x00, 0x00, 
		0x00, 0x61, 0x60, 0x00, 0x00, 0x84, 0x84, 0x31, 0xd3, 0x00, 0x00, 
		0x00, 0x61, 0x61, 0x00, 0x00, 0x0d, 0xe9, 0x60, 0xd4, 0x00, 0x00, 
		0x00, 0x60, 0x61, 0x00, 0x00, 0x00, 0x60, 0xe9, 0xd3, 0x00, 0x00, 
		0xb5, 0xff, 0xff, 0xff, 0x50, 0x00, 0x00, 0xd4, 0xd3, 0x00, 0x00, 
		0x00, 0x00, 0x00, 0x00, 0x00, 0x00, 0x00, 0x00, 0x00, 0x00, 0x00, 
		0x00, 0x00, 0x00, 0x00, 0x00, 0x00, 0x00, 0x00, 0x00, 0x00, 0x00, 
		0x00, 0x00, 0x00, 0x00, 0x00, 0x00, 0x00, 0x00, 0x00, 0x00, 0x00, 
		0x00, 0x00, 0x00, 0x00, 0x00, 0x00, 0x00, 0x00, 0x00, 0x00, 0x00, 
		0x00, 0x00, 0x00, 0x00, 0x00, 0x00, 0x00, 0x00, 0x00, 0x00, 0x00
	},
	// 'O'
	{	0x00, 0x00, 0x00, 0x00, 0x00, 0x00, 0x00, 0x00, 0x00, 0x00, 0x00, 
		0x00, 0x00, 0x00, 0x00, 0x00, 0x00, 0x00, 0x00, 0x00, 0x00, 0x00, 
		0x00, 0x00, 0x00, 0x00, 0x00, 0x00, 0x00, 0x00, 0x00, 0x00, 0x00, 
		0x00, 0x00, 0x61, 0xe9, 0xff, 0xff, 0x97, 0x17, 0x00, 0x00, 0x00, 
		0x00, 0x97, 0xbf, 0x24, 0x00, 0x0d, 0x97, 0xd4, 0x17, 0x00, 0x00, 
		0x50, 0xbe, 0x00, 0x00, 0x00, 0x00, 0x00, 0x72, 0xab, 0x00, 0x00, 
		0xbf, 0x40, 0x00, 0x00, 0x00, 0x00, 0x00, 0x0d, 0xe9, 0x0d, 0x00, 
		0xe9, 0x0d, 0x00, 0x00, 0x00, 0x00, 0x00, 0x00, 0xab, 0x31, 0x00, 
		0xe9, 0x0d, 0x00, 0x00, 0x00, 0x00, 0x00, 0x00, 0xab, 0x31, 0x00, 
		0xbf, 0x40, 0x00, 0x00, 0x00, 0x00, 0x00, 0x0d, 0xe9, 0x0d, 0x00, 
		0x50, 0xbf, 0x00, 0x00, 0x00, 0x00, 0x00, 0x72, 0xaa, 0x00, 0x00, 
		0x00, 0x97, 0xbe, 0x31, 0x00, 0x0d, 0x97, 0xd4, 0x17, 0x00, 0x00, 
		0x00, 0x00, 0x60, 0xe9, 0xff, 0xff, 0x97, 0x18, 0x00, 0x00, 0x00, 
		0x00, 0x00, 0x00, 0x00, 0x00, 0x00, 0x00, 0x00, 0x00, 0x00, 0x00, 
		0x00, 0x00, 0x00, 0x00, 0x00, 0x00, 0x00, 0x00, 0x00, 0x00, 0x00, 
		0x00, 0x00, 0x00, 0x00, 0x00, 0x00, 0x00, 0x00, 0x00, 0x00, 0x00, 
		0x00, 0x00, 0x00, 0x00, 0x00, 0x00, 0x00, 0x00, 0x00, 0x00, 0x00, 
		0x00, 0x00, 0x00, 0x00, 0x00, 0x00, 0x00, 0x00, 0x00, 0x00, 0x00
	},
	// 'P'
	{	0x00, 0x00, 0x00, 0x00, 0x00, 0x00, 0x00, 0x00, 0x00, 0x00, 0x00, 
		0x00, 0x00, 0x00, 0x00, 0x00, 0x00, 0x00, 0x00, 0x00, 0x00, 0x00, 
		0x00, 0x00, 0x00, 0x00, 0x00, 0x00, 0x00, 0x00, 0x00, 0x00, 0x00, 
		0x60, 0xff, 0xff, 0xff, 0xff, 0xff, 0xff, 0x60, 0x00, 0x00, 0x00, 
		0x00, 0x32, 0xd3, 0x00, 0x00, 0x00, 0x18, 0xab, 0x60, 0x00, 0x00, 
		0x00, 0x31, 0xd4, 0x00, 0x00, 0x00, 0x00, 0x18, 0xd3, 0x00, 0x00, 
		0x00, 0x32, 0xd3, 0x00, 0x00, 0x00, 0x00, 0x24, 0xbe, 0x00, 0x00, 
		0x00, 0x31, 0xd3, 0x00, 0x00, 0x00, 0x0d, 0xbf, 0x60, 0x00, 0x00, 
		0x00, 0x31, 0xff, 0xff, 0xff, 0xff, 0xbf, 0x50, 0x00, 0x00, 0x00, 
		0x00, 0x32, 0xd4, 0x00, 0x00, 0x00, 0x00, 0x00, 0x00, 0x00, 0x00, 
		0x00, 0x31, 0xd4, 0x00, 0x00, 0x00, 0x00, 0x00, 0x00, 0x00, 0x00, 
		0x00, 0x31, 0xd4, 0x00, 0x00, 0x00, 0x00, 0x00, 0x00, 0x00, 0x00, 
		0x61, 0xff, 0xff, 0xff, 0xff, 0xff, 0x00, 0x00, 0x00, 0x00, 0x00, 
		0x00, 0x00, 0x00, 0x00, 0x00, 0x00, 0x00, 0x00, 0x00, 0x00, 0x00, 
		0x00, 0x00, 0x00, 0x00, 0x00, 0x00, 0x00, 0x00, 0x00, 0x00, 0x00, 
		0x00, 0x00, 0x00, 0x00, 0x00, 0x00, 0x00, 0x00, 0x00, 0x00, 0x00, 
		0x00, 0x00, 0x00, 0x00, 0x00, 0x00, 0x00, 0x00, 0x00, 0x00, 0x00, 
		0x00, 0x00, 0x00, 0x00, 0x00, 0x00, 0x00, 0x00, 0x00, 0x00, 0x00
	},
	// 'Q'
	{	0x00, 0x00, 0x00, 0x00, 0x00, 0x00, 0x00, 0x00, 0x00, 0x00, 0x00, 
		0x00, 0x00, 0x00, 0x00, 0x00, 0x00, 0x00, 0x00, 0x00, 0x00, 0x00, 
		0x00, 0x00, 0x00, 0x00, 0x00, 0x00, 0x00, 0x00, 0x00, 0x00, 0x00, 
		0x00, 0x00, 0x0c, 0x84, 0xff, 0xff, 0xff, 0x60, 0x00, 0x00, 0x00, 
		0x00, 0x0d, 0xbf, 0x84, 0x00, 0x00, 0x17, 0xaa, 0xbf, 0x00, 0x00, 
		0x00, 0x84, 0x60, 0x00, 0x00, 0x00, 0x00, 0x00, 0x71, 0x61, 0x00, 
		0x0d, 0xd4, 0x0d, 0x00, 0x00, 0x00, 0x00, 0x00, 0x0d, 0xe9, 0x00, 
		0x24, 0xab, 0x00, 0x00, 0x00, 0x00, 0x00, 0x00, 0x00, 0xe9, 0x00, 
		0x31, 0xab, 0x00, 0x00, 0x00, 0x00, 0x00, 0x00, 0x00, 0xff, 0x00, 
		0x0d, 0xea, 0x00, 0x00, 0x00, 0x00, 0x00, 0x00, 0x24, 0xbf, 0x00, 
		0x00, 0x84, 0x60, 0x00, 0x00, 0x00, 0x00, 0x00, 0xaa, 0x61, 0x00, 
		0x00, 0x0d, 0xd4, 0x84, 0x00, 0x00, 0x23, 0xbf, 0xaa, 0x00, 0x00, 
		0x00, 0x00, 0x18, 0xaa, 0xff, 0xff, 0xff, 0x61, 0x00, 0x00, 0x00, 
		0x00, 0x00, 0x00, 0x17, 0xff, 0x40, 0x00, 0x00, 0x00, 0x00, 0x00, 
		0x00, 0x00, 0x00, 0xbf, 0xff, 0xff, 0xe9, 0x4f, 0x32, 0xe9, 0x00, 
		0x00, 0x00, 0x50, 0xbf, 0x60, 0x00, 0x31, 0xd4, 0xff, 0x50, 0x00, 
		0x00, 0x00, 0x00, 0x00, 0x00, 0x00, 0x00, 0x00, 0x00, 0x00, 0x00, 
		0x00, 0x00, 0x00, 0x00, 0x00, 0x00, 0x00, 0x00, 0x00, 0x00, 0x00
	},
	// 'R'
	{	0x00, 0x00, 0x00, 0x00, 0x00, 0x00, 0x00, 0x00, 0x00, 0x00, 0x00, 
		0x00, 0x00, 0x00, 0x00, 0x00, 0x00, 0x00, 0x00, 0x00, 0x00, 0x00, 
		0x00, 0x00, 0x00, 0x00, 0x00, 0x00, 0x00, 0x00, 0x00, 0x00, 0x00, 
		0x31, 0xff, 0xff, 0xff, 0xff, 0xff, 0xff, 0x84, 0x00, 0x00, 0x00, 
		0x00, 0x00, 0xff, 0x17, 0x00, 0x00, 0x00, 0x61, 0x84, 0x00, 0x00, 
		0x00, 0x00, 0xff, 0x18, 0x00, 0x00, 0x00, 0x00, 0xe9, 0x0d, 0x00, 
		0x00, 0x00, 0xff, 0x18, 0x00, 0x00, 0x00, 0x0d, 0xff, 0x0d, 0x00, 
		0x00, 0x00, 0xff, 0x18, 0x00, 0x00, 0x0d, 0xab, 0x61, 0x00, 0x00, 
		0x00, 0x00, 0xff, 0xff, 0xff, 0xff, 0xd4, 0x4f, 0x00, 0x00, 0x00, 
		0x00, 0x00, 0xff, 0x18, 0x00, 0x0d, 0xaa, 0x84, 0x00, 0x00, 0x00, 
		0x00, 0x00, 0xff, 0x17, 0x00, 0x00, 0x00, 0x71, 0x60, 0x00, 0x00, 
		0x00, 0x00, 0xff, 0x18, 0x00, 0x00, 0x00, 0x00, 0xbf, 0x50, 0x00, 
		0x31, 0xff, 0xff, 0xff, 0xff, 0x00, 0x00, 0x00, 0x24, 0xff, 0xaa, 
		0x00, 0x00, 0x00, 0x00, 0x00, 0x00, 0x00, 0x00, 0x00, 0x00, 0x00, 
		0x00, 0x00, 0x00, 0x00, 0x00, 0x00, 0x00, 0x00, 0x00, 0x00, 0x00, 
		0x00, 0x00, 0x00, 0x00, 0x00, 0x00, 0x00, 0x00, 0x00, 0x00, 0x00, 
		0x00, 0x00, 0x00, 0x00, 0x00, 0x00, 0x00, 0x00, 0x00, 0x00, 0x00, 
		0x00, 0x00, 0x00, 0x00, 0x00, 0x00, 0x00, 0x00, 0x00, 0x00, 0x00
	},
	// 'S'
	{	0x00, 0x00, 0x00, 0x00, 0x00, 0x00, 0x00, 0x00, 0x00, 0x00, 0x00, 
		0x00, 0x00, 0x00, 0x00, 0x00, 0x00, 0x00, 0x00, 0x00, 0x00, 0x00, 
		0x00, 0x00, 0x00, 0x00, 0x00, 0x00, 0x00, 0x00, 0x00, 0x00, 0x00, 
		0x00, 0x31, 0xbf, 0xff, 0xff, 0xbf, 0x60, 0x84, 0x00, 0x00, 0x18, 
		0x18, 0xd4, 0x23, 0x00, 0x00, 0x50, 0xd3, 0x84, 0x00, 0x00, 0x18, 
		0x50, 0x84, 0x00, 0x00, 0x00, 0x00, 0x4f, 0x84, 0x00, 0x00, 0x18, 
		0x18, 0xff, 0x72, 0x00, 0x00, 0x00, 0x00, 0x00, 0x00, 0x00, 0x17, 
		0x00, 0x24, 0x84, 0xff, 0xff, 0xbf, 0x61, 0x00, 0x00, 0x00, 0x00, 
		0x00, 0x00, 0x00, 0x00, 0x00, 0x31, 0xbf, 0x84, 0x00, 0x00, 0x00, 
		0x00, 0x00, 0x00, 0x00, 0x00, 0x00, 0x0d, 0xff, 0x00, 0x00, 0x00, 
		0xaa, 0x40, 0x00, 0x00, 0x00, 0x00, 0x0d, 0xe9, 0x00, 0x00, 0x00, 
		0xaa, 0xd3, 0x50, 0x00, 0x00, 0x00, 0x97, 0x72, 0x00, 0x00, 0x00, 
		0xaa, 0x4f, 0xbe, 0xff, 0xff, 0xe9, 0x60, 0x00, 0x00, 0x00, 0x00, 
		0x00, 0x00, 0x00, 0x00, 0x00, 0x00, 0x00, 0x00, 0x00, 0x00, 0x00, 
		0x00, 0x00, 0x00, 0x00, 0x00, 0x00, 0x00, 0x00, 0x00, 0x00, 0x00, 
		0x00, 0x00, 0x00, 0x00, 0x00, 0x00, 0x00, 0x00, 0x00, 0x00, 0x00, 
		0x00, 0x00, 0x00, 0x00, 0x00, 0x00, 0x00, 0x00, 0x00, 0x00, 0x00, 
		0x00, 0x00, 0x00, 0x00, 0x00, 0x00, 0x00, 0x00, 0x00, 0x00, 0x00
	},
	// 'T'
	{	0x00, 0x00, 0x00, 0x00, 0x00, 0x00, 0x00, 0x00, 0x00, 0x00, 0x00, 
		0x00, 0x00, 0x00, 0x00, 0x00, 0x00, 0x00, 0x00, 0x00, 0x00, 0x00, 
		0x00, 0x00, 0x00, 0x00, 0x00, 0x00, 0x00, 0x00, 0x00, 0x00, 0x00, 
		0xff, 0xff, 0xff, 0xff, 0xff, 0xff, 0xff, 0xff, 0x61, 0x00, 0x00, 
		0xd4, 0x00, 0x00, 0x50, 0x84, 0x00, 0x00, 0x84, 0x60, 0x00, 0x00, 
		0xd3, 0x00, 0x00, 0x50, 0x84, 0x00, 0x00, 0x84, 0x61, 0x00, 0x00, 
		0xbf, 0x00, 0x00, 0x50, 0x84, 0x00, 0x00, 0x61, 0x50, 0x00, 0x00, 
		0x00, 0x00, 0x00, 0x50, 0x84, 0x00, 0x00, 0x00, 0x00, 0x00, 0x00, 
		0x00, 0x00, 0x00, 0x50, 0x84, 0x00, 0x00, 0x00, 0x00, 0x00, 0x00, 
		0x00, 0x00, 0x00, 0x50, 0x84, 0x00, 0x00, 0x00, 0x00, 0x00, 0x00, 
		0x00, 0x00, 0x00, 0x50, 0x84, 0x00, 0x00, 0x00, 0x00, 0x00, 0x00, 
		0x00, 0x00, 0x00, 0x50, 0x84, 0x00, 0x00, 0x00, 0x00, 0x00, 0x00, 
		0x00, 0x84, 0xff, 0xff, 0xff, 0xff, 0xd4, 0x00, 0x00, 0x00, 0x00, 
		0x00, 0x00, 0x00, 0x00, 0x00, 0x00, 0x00, 0x00, 0x00, 0x00, 0x00, 
		0x00, 0x00, 0x00, 0x00, 0x00, 0x00, 0x00, 0x00, 0x00, 0x00, 0x00, 
		0x00, 0x00, 0x00, 0x00, 0x00, 0x00, 0x00, 0x00, 0x00, 0x00, 0x00, 
		0x00, 0x00, 0x00, 0x00, 0x00, 0x00, 0x00, 0x00, 0x00, 0x00, 0x00, 
		0x00, 0x00, 0x00, 0x00, 0x00, 0x00, 0x00, 0x00, 0x00, 0x00, 0x00
	},
	// 'U'
	{	0x00, 0x00, 0x00, 0x00, 0x00, 0x00, 0x00, 0x00, 0x00, 0x00, 0x00, 
		0x00, 0x00, 0x00, 0x00, 0x00, 0x00, 0x00, 0x00, 0x00, 0x00, 0x00, 
		0x00, 0x00, 0x00, 0x00, 0x00, 0x00, 0x00, 0x00, 0x00, 0x00, 0x00, 
		0x50, 0xff, 0xff, 0xff, 0x84, 0x00, 0xab, 0xff, 0xff, 0xff, 0x47, 
		0x00, 0x32, 0xab, 0x00, 0x00, 0x00, 0x00, 0x00, 0xff, 0x00, 0x00, 
		0x00, 0x32, 0xab, 0x00, 0x00, 0x00, 0x00, 0x00, 0xff, 0x00, 0x00, 
		0x00, 0x32, 0xaa, 0x00, 0x00, 0x00, 0x00, 0x00, 0xff, 0x00, 0x00, 
		0x00, 0x31, 0xaa, 0x00, 0x00, 0x00, 0x00, 0x00, 0xff, 0x00, 0x00, 
		0x00, 0x32, 0xaa, 0x00, 0x00, 0x00, 0x00, 0x00, 0xff, 0x00, 0x00, 
		0x00, 0x24, 0xaa, 0x00, 0x00, 0x00, 0x00, 0x00, 0xff, 0x00, 0x00, 
		0x00, 0x0d, 0xe9, 0x00, 0x00, 0x00, 0x00, 0x24, 0xbf, 0x00, 0x00, 
		0x00, 0x00, 0x71, 0xab, 0x00, 0x00, 0x18, 0xbf, 0x60, 0x00, 0x00, 
		0x00, 0x00, 0x00, 0x72, 0xff, 0xff, 0xe9, 0x60, 0x00, 0x00, 0x00, 
		0x00, 0x00, 0x00, 0x00, 0x00, 0x00, 0x00, 0x00, 0x00, 0x00, 0x00, 
		0x00, 0x00, 0x00, 0x00, 0x00, 0x00, 0x00, 0x00, 0x00, 0x00, 0x00, 
		0x00, 0x00, 0x00, 0x00, 0x00, 0x00, 0x00, 0x00, 0x00, 0x00, 0x00, 
		0x00, 0x00, 0x00, 0x00, 0x00, 0x00, 0x00, 0x00, 0x00, 0x00, 0x00, 
		0x00, 0x00, 0x00, 0x00, 0x00, 0x00, 0x00, 0x00, 0x00, 0x00, 0x00
	},
	// 'V'
	{	0x00, 0x00, 0x00, 0x00, 0x00, 0x00, 0x00, 0x00, 0x00, 0x00, 0x00, 
		0x00, 0x00, 0x00, 0x00, 0x00, 0x00, 0x00, 0x00, 0x00, 0x00, 0x00, 
		0x00, 0x00, 0x00, 0x00, 0x00, 0x00, 0x00, 0x00, 0x00, 0x00, 0x00, 
		0xff, 0xff, 0xff, 0xff, 0x50, 0x00, 0x60, 0xff, 0xff, 0xff, 0xd4, 
		0x00, 0xaa, 0x60, 0x00, 0x00, 0x00, 0x00, 0x00, 0xab, 0x72, 0x00, 
		0x00, 0x50, 0xe9, 0x00, 0x00, 0x00, 0x00, 0x17, 0xff, 0x23, 0x00, 
		0x00, 0x0d, 0xe9, 0x40, 0x00, 0x00, 0x00, 0x61, 0xaa, 0x00, 0x00, 
		0x00, 0x00, 0x84, 0x97, 0x00, 0x00, 0x00, 0xd3, 0x4f, 0x00, 0x00, 
		0x00, 0x00, 0x23, 0xff, 0x17, 0x00, 0x40, 0xe9, 0x0d, 0x00, 0x00, 
		0x00, 0x00, 0x00, 0xbe, 0x60, 0x00, 0x97, 0x84, 0x00, 0x00, 0x00, 
		0x00, 0x00, 0x00, 0x4f, 0xd3, 0x18, 0xff, 0x24, 0x00, 0x00, 0x00, 
		0x00, 0x00, 0x00, 0x0d, 0xe9, 0xbf, 0xbf, 0x00, 0x00, 0x00, 0x00, 
		0x00, 0x00, 0x00, 0x00, 0x84, 0xff, 0x50, 0x00, 0x00, 0x00, 0x00, 
		0x00, 0x00, 0x00, 0x00, 0x00, 0x00, 0x00, 0x00, 0x00, 0x00, 0x00, 
		0x00, 0x00, 0x00, 0x00, 0x00, 0x00, 0x00, 0x00, 0x00, 0x00, 0x00, 
		0x00, 0x00, 0x00, 0x00, 0x00, 0x00, 0x00, 0x00, 0x00, 0x00, 0x00, 
		0x00, 0x00, 0x00, 0x00, 0x00, 0x00, 0x00, 0x00, 0x00, 0x00, 0x00, 
		0x00, 0x00, 0x00, 0x00, 0x00, 0x00, 0x00, 0x00, 0x00, 0x00, 0x00
	},
	// 'W'
	{	0x00, 0x00, 0x00, 0x00, 0x00, 0x00, 0x00, 0x00, 0x00, 0x00, 0x00, 
		0x00, 0x00, 0x00, 0x00, 0x00, 0x00, 0x00, 0x00, 0x00, 0x00, 0x00, 
		0x00, 0x00, 0x00, 0x00, 0x00, 0x00, 0x00, 0x00, 0x00, 0x00, 0x00, 
		0xff, 0xff, 0xff, 0xff, 0x18, 0x00, 0xd3, 0xff, 0xff, 0xff, 0x50, 
		0x32, 0xaa, 0x00, 0x00, 0x00, 0x00, 0x00, 0x00, 0x84, 0x84, 0x00, 
		0x17, 0xd4, 0x00, 0x00, 0x97, 0xe9, 0x00, 0x00, 0xab, 0x60, 0x00, 
		0x00, 0xff, 0x00, 0x00, 0xe9, 0xff, 0x23, 0x00, 0xd3, 0x50, 0x00, 
		0x00, 0xd4, 0x17, 0x40, 0xe9, 0xbf, 0x60, 0x00, 0xff, 0x32, 0x00, 
		0x00, 0xab, 0x31, 0x72, 0x97, 0x71, 0xbf, 0x17, 0xff, 0x24, 0x00, 
		0x00, 0x84, 0x50, 0xbf, 0x60, 0x24, 0xff, 0x40, 0xff, 0x0d, 0x00, 
		0x00, 0x61, 0x97, 0xff, 0x18, 0x00, 0xe9, 0x84, 0xe9, 0x00, 0x00, 
		0x00, 0x50, 0xff, 0xbf, 0x00, 0x00, 0x97, 0xe9, 0xbf, 0x00, 0x00, 
		0x00, 0x32, 0xff, 0x72, 0x00, 0x00, 0x60, 0xff, 0x97, 0x00, 0x00, 
		0x00, 0x00, 0x00, 0x00, 0x00, 0x00, 0x00, 0x00, 0x00, 0x00, 0x00, 
		0x00, 0x00, 0x00, 0x00, 0x00, 0x00, 0x00, 0x00, 0x00, 0x00, 0x00, 
		0x00, 0x00, 0x00, 0x00, 0x00, 0x00, 0x00, 0x00, 0x00, 0x00, 0x00, 
		0x00, 0x00, 0x00, 0x00, 0x00, 0x00, 0x00, 0x00, 0x00, 0x00, 0x00, 
		0x00, 0x00, 0x00, 0x00, 0x00, 0x00, 0x00, 0x00, 0x00, 0x00, 0x00
	},
	// 'X'
	{	0x00, 0x00, 0x00, 0x00, 0x00, 0x00, 0x00, 0x00, 0x00, 0x00, 0x00, 
		0x00, 0x00, 0x00, 0x00, 0x00, 0x00, 0x00, 0x00, 0x00, 0x00, 0x00, 
		0x00, 0x00, 0x00, 0x00, 0x00, 0x00, 0x00, 0x00, 0x00, 0x00, 0x00, 
		0xff, 0xff, 0xff, 0x17, 0x00, 0x00, 0xff, 0xff, 0xff, 0x18, 0x00, 
		0x0d, 0xbe, 0x50, 0x00, 0x00, 0x00, 0x31, 0xd3, 0x18, 0x00, 0x00, 
		0x00, 0x18, 0xd3, 0x32, 0x00, 0x17, 0xe9, 0x24, 0x00, 0x00, 0x00, 
		0x00, 0x00, 0x24, 0xe9, 0x24, 0xd3, 0x40, 0x00, 0x00, 0x00, 0x00, 
		0x00, 0x00, 0x00, 0x40, 0xff, 0x60, 0x00, 0x00, 0x00, 0x00, 0x00, 
		0x00, 0x00, 0x00, 0x72, 0xd4, 0xbf, 0x00, 0x00, 0x00, 0x00, 0x00, 
		0x00, 0x00, 0x60, 0xbf, 0x00, 0x72, 0x97, 0x00, 0x00, 0x00, 0x00, 
		0x00, 0x31, 0xd3, 0x18, 0x00, 0x00, 0xaa, 0x60, 0x00, 0x00, 0x00, 
		0x17, 0xe9, 0x24, 0x00, 0x00, 0x00, 0x0d, 0xbf, 0x4f, 0x00, 0x00, 
		0xff, 0xff, 0xff, 0x60, 0x00, 0x00, 0xff, 0xff, 0xff, 0x60, 0x00, 
		0x00, 0x00, 0x00, 0x00, 0x00, 0x00, 0x00, 0x00, 0x00, 0x00, 0x00, 
		0x00, 0x00, 0x00, 0x00, 0x00, 0x00, 0x00, 0x00, 0x00, 0x00, 0x00, 
		0x00, 0x00, 0x00, 0x00, 0x00, 0x00, 0x00, 0x00, 0x00, 0x00, 0x00, 
		0x00, 0x00, 0x00, 0x00, 0x00, 0x00, 0x00, 0x00, 0x00, 0x00, 0x00, 
		0x00, 0x00, 0x00, 0x00, 0x00, 0x00, 0x00, 0x00, 0x00, 0x00, 0x00
	},
	// 'Y'
	{	0x00, 0x00, 0x00, 0x00, 0x00, 0x00, 0x00, 0x00, 0x00, 0x00, 0x00, 
		0x00, 0x00, 0x00, 0x00, 0x00, 0x00, 0x00, 0x00, 0x00, 0x00, 0x00, 
		0x00, 0x00, 0x00, 0x00, 0x00, 0x00, 0x00, 0x00, 0x00, 0x00, 0x00, 
		0x31, 0xff, 0xff, 0xd3, 0x00, 0x00, 0x17, 0xff, 0xff, 0xff, 0x00, 
		0x00, 0x0d, 0xbf, 0x18, 0x00, 0x00, 0x00, 0x23, 0xbf, 0x00, 0x00, 
		0x00, 0x00, 0x40, 0xbf, 0x00, 0x00, 0x17, 0xd4, 0x17, 0x00, 0x00, 
		0x00, 0x00, 0x00, 0x72, 0x72, 0x00, 0xbf, 0x41, 0x00, 0x00, 0x00, 
		0x00, 0x00, 0x00, 0x00, 0xbf, 0xbf, 0x72, 0x00, 0x00, 0x00, 0x00, 
		0x00, 0x00, 0x00, 0x00, 0x24, 0xe9, 0x00, 0x00, 0x00, 0x00, 0x00, 
		0x00, 0x00, 0x00, 0x00, 0x17, 0xd3, 0x00, 0x00, 0x00, 0x00, 0x00, 
		0x00, 0x00, 0x00, 0x00, 0x17, 0xd4, 0x00, 0x00, 0x00, 0x00, 0x00, 
		0x00, 0x00, 0x00, 0x00, 0x17, 0xd3, 0x00, 0x00, 0x00, 0x00, 0x00, 
		0x00, 0x00, 0x50, 0xff, 0xff, 0xff, 0xff, 0xff, 0x17, 0x00, 0x00, 
		0x00, 0x00, 0x00, 0x00, 0x00, 0x00, 0x00, 0x00, 0x00, 0x00, 0x00, 
		0x00, 0x00, 0x00, 0x00, 0x00, 0x00, 0x00, 0x00, 0x00, 0x00, 0x00, 
		0x00, 0x00, 0x00, 0x00, 0x00, 0x00, 0x00, 0x00, 0x00, 0x00, 0x00, 
		0x00, 0x00, 0x00, 0x00, 0x00, 0x00, 0x00, 0x00, 0x00, 0x00, 0x00, 
		0x00, 0x00, 0x00, 0x00, 0x00, 0x00, 0x00, 0x00, 0x00, 0x00, 0x00
	},
	// 'Z'
	{	0x00, 0x00, 0x00, 0x00, 0x00, 0x00, 0x00, 0x00, 0x00, 0x00, 0x00, 
		0x00, 0x00, 0x00, 0x00, 0x00, 0x00, 0x00, 0x00, 0x00, 0x00, 0x00, 
		0x00, 0x00, 0x00, 0x00, 0x00, 0x00, 0x00, 0x00, 0x00, 0x00, 0x00, 
		0x00, 0xd4, 0xff, 0xff, 0xff, 0xff, 0xff, 0xaa, 0x00, 0x00, 0x00, 
		0x00, 0xd4, 0x17, 0x00, 0x00, 0x00, 0x84, 0x71, 0x00, 0x00, 0x00, 
		0x00, 0xd4, 0x18, 0x00, 0x00, 0x61, 0xbe, 0x00, 0x00, 0x00, 0x00, 
		0x00, 0xd3, 0x0d, 0x00, 0x24, 0xd3, 0x0d, 0x00, 0x00, 0x00, 0x00, 
		0x00, 0x00, 0x00, 0x0c, 0xd3, 0x24, 0x00, 0x00, 0x00, 0x00, 0x00, 
		0x00, 0x00, 0x00, 0xbf, 0x60, 0x00, 0x00, 0x00, 0x00, 0x00, 0x00, 
		0x00, 0x00, 0x72, 0x84, 0x00, 0x00, 0x00, 0xbf, 0x0d, 0x00, 0x00, 
		0x00, 0x40, 0xbf, 0x00, 0x00, 0x00, 0x00, 0xd3, 0x17, 0x00, 0x00, 
		0x17, 0xe9, 0x17, 0x00, 0x00, 0x00, 0x00, 0xd3, 0x18, 0x00, 0x00, 
		0x32, 0xff, 0xff, 0xff, 0xff, 0xff, 0xff, 0xff, 0x18, 0x00, 0x00, 
		0x00, 0x00, 0x00, 0x00, 0x00, 0x00, 0x00, 0x00, 0x00, 0x00, 0x00, 
		0x00, 0x00, 0x00, 0x00, 0x00, 0x00, 0x00, 0x00, 0x00, 0x00, 0x00, 
		0x00, 0x00, 0x00, 0x00, 0x00, 0x00, 0x00, 0x00, 0x00, 0x00, 0x00, 
		0x00, 0x00, 0x00, 0x00, 0x00, 0x00, 0x00, 0x00, 0x00, 0x00, 0x00, 
		0x00, 0x00, 0x00, 0x00, 0x00, 0x00, 0x00, 0x00, 0x00, 0x00, 0x00
	},
	// '['
	{	0x00, 0x00, 0x00, 0x00, 0x00, 0x00, 0x00, 0x00, 0x00, 0x00, 0x00, 
		0x00, 0x00, 0x00, 0x00, 0x00, 0x00, 0x00, 0x00, 0x00, 0x00, 0x00, 
		0x00, 0x00, 0x00, 0x00, 0x00, 0x18, 0xff, 0xff, 0xff, 0x17, 0x00, 
		0x00, 0x00, 0x00, 0x00, 0x00, 0x18, 0xd3, 0x00, 0x00, 0x00, 0x00, 
		0x00, 0x00, 0x00, 0x00, 0x00, 0x17, 0xd3, 0x00, 0x00, 0x00, 0x00, 
		0x00, 0x00, 0x00, 0x00, 0x00, 0x17, 0xd4, 0x00, 0x00, 0x00, 0x00, 
		0x00, 0x00, 0x00, 0x00, 0x00, 0x18, 0xd4, 0x00, 0x00, 0x00, 0x00, 
		0x00, 0x00, 0x00, 0x00, 0x00, 0x18, 0xd3, 0x00, 0x00, 0x00, 0x00, 
		0x00, 0x00, 0x00, 0x00, 0x00, 0x18, 0xd3, 0x00, 0x00, 0x00, 0x00, 
		0x00, 0x00, 0x00, 0x00, 0x00, 0x18, 0xd3, 0x00, 0x00, 0x00, 0x00, 
		0x00, 0x00, 0x00, 0x00, 0x00, 0x18, 0xd4, 0x00, 0x00, 0x00, 0x00, 
		0x00, 0x00, 0x00, 0x00, 0x00, 0x17, 0xd4, 0x00, 0x00, 0x00, 0x00, 
		0x00, 0x00, 0x00, 0x00, 0x00, 0x18, 0xd4, 0x00, 0x00, 0x00, 0x00, 
		0x00, 0x00, 0x00, 0x00, 0x00, 0x18, 0xd3, 0x00, 0x00, 0x00, 0x00, 
		0x00, 0x00, 0x00, 0x00, 0x00, 0x18, 0xff, 0xff, 0xff, 0x17, 0x00, 
		0x00, 0x00, 0x00, 0x00, 0x00, 0x00, 0x00, 0x00, 0x00, 0x00, 0x00, 
		0x00, 0x00, 0x00, 0x00, 0x00, 0x00, 0x00, 0x00, 0x00, 0x00, 0x00, 
		0x00, 0x00, 0x00, 0x00, 0x00, 0x00, 0x00, 0x00, 0x00, 0x00, 0x00
	},
	// '\'
	{	0x00, 0x00, 0x00, 0x00, 0x00, 0x00, 0x00, 0x00, 0x00, 0x00, 0x00, 
		0x00, 0xbf, 0x31, 0x00, 0x00, 0x00, 0x00, 0x00, 0x00, 0x00, 0x00, 
		0x00, 0x50, 0xab, 0x00, 0x00, 0x00, 0x00, 0x00, 0x00, 0x00, 0x00, 
		0x00, 0x00, 0xe9, 0x17, 0x00, 0x00, 0x00, 0x00, 0x00, 0x00, 0x00, 
		0x00, 0x00, 0x60, 0x84, 0x00, 0x00, 0x00, 0x00, 0x00, 0x00, 0x00, 
		0x00, 0x00, 0x0d, 0xe9, 0x0d, 0x00, 0x00, 0x00, 0x00, 0x00, 0x00, 
		0x00, 0x00, 0x00, 0x84, 0x60, 0x00, 0x00, 0x00, 0x00, 0x00, 0x00, 
		0x00, 0x00, 0x00, 0x18, 0xe9, 0x0d, 0x00, 0x00, 0x00, 0x00, 0x00, 
		0x00, 0x00, 0x00, 0x00, 0x97, 0x4f, 0x00, 0x00, 0x00, 0x00, 0x00, 
		0x00, 0x00, 0x00, 0x00, 0x32, 0xd4, 0x00, 0x00, 0x00, 0x00, 0x00, 
		0x00, 0x00, 0x00, 0x00, 0x00, 0xab, 0x50, 0x00, 0x00, 0x00, 0x00, 
		0x00, 0x00, 0x00, 0x00, 0x00, 0x50, 0xab, 0x00, 0x00, 0x00, 0x00, 
		0x00, 0x00, 0x00, 0x00, 0x00, 0x00, 0xd3, 0x31, 0x00, 0x00, 0x00, 
		0x00, 0x00, 0x00, 0x00, 0x00, 0x00, 0x60, 0x97, 0x00, 0x00, 0x00, 
		0x00, 0x00, 0x00, 0x00, 0x00, 0x00, 0x0d, 0xe9, 0x0d, 0x00, 0x00, 
		0x00, 0x00, 0x00, 0x00, 0x00, 0x00, 0x00, 0x00, 0x00, 0x00, 0x00, 
		0x00, 0x00, 0x00, 0x00, 0x00, 0x00, 0x00, 0x00, 0x00, 0x00, 0x00, 
		0x00, 0x00, 0x00, 0x00, 0x00, 0x00, 0x00, 0x00, 0x00, 0x00, 0x00
	},
	// ']'
	{	0x00, 0x00, 0x00, 0x00, 0x00, 0x00, 0x00, 0x00, 0x00, 0x00, 0x00, 
		0x00, 0x00, 0x00, 0x00, 0x00, 0x00, 0x00, 0x00, 0x00, 0x00, 0x00, 
		0x00, 0x00, 0x31, 0xff, 0xff, 0xd4, 0x00, 0x00, 0x00, 0x00, 0x00, 
		0x00, 0x00, 0x00, 0x00, 0x17, 0xd3, 0x00, 0x00, 0x00, 0x00, 0x00, 
		0x00, 0x00, 0x00, 0x00, 0x18, 0xd4, 0x00, 0x00, 0x00, 0x00, 0x00, 
		0x00, 0x00, 0x00, 0x00, 0x18, 0xd3, 0x00, 0x00, 0x00, 0x00, 0x00, 
		0x00, 0x00, 0x00, 0x00, 0x18, 0xd4, 0x00, 0x00, 0x00, 0x00, 0x00, 
		0x00, 0x00, 0x00, 0x00, 0x18, 0xd3, 0x00, 0x00, 0x00, 0x00, 0x00, 
		0x00, 0x00, 0x00, 0x00, 0x18, 0xd3, 0x00, 0x00, 0x00, 0x00, 0x00, 
		0x00, 0x00, 0x00, 0x00, 0x17, 0xd4, 0x00, 0x00, 0x00, 0x00, 0x00, 
		0x00, 0x00, 0x00, 0x00, 0x18, 0xd4, 0x00, 0x00, 0x00, 0x00, 0x00, 
		0x00, 0x00, 0x00, 0x00, 0x18, 0xd4, 0x00, 0x00, 0x00, 0x00, 0x00, 
		0x00, 0x00, 0x00, 0x00, 0x18, 0xd3, 0x00, 0x00, 0x00, 0x00, 0x00, 
		0x00, 0x00, 0x00, 0x00, 0x18, 0xd4, 0x00, 0x00, 0x00, 0x00, 0x00, 
		0x00, 0x00, 0x32, 0xff, 0xff, 0xd3, 0x00, 0x00, 0x00, 0x00, 0x00, 
		0x00, 0x00, 0x00, 0x00, 0x00, 0x00, 0x00, 0x00, 0x00, 0x00, 0x00, 
		0x00, 0x00, 0x00, 0x00, 0x00, 0x00, 0x00, 0x00, 0x00, 0x00, 0x00, 
		0x00, 0x00, 0x00, 0x00, 0x00, 0x00, 0x00, 0x00, 0x00, 0x00, 0x00
	},
	// '^'
	{	0x00, 0x00, 0x00, 0x00, 0x00, 0x00, 0x00, 0x00, 0x00, 0x00, 0x00, 
		0x00, 0x00, 0x00, 0x17, 0x31, 0x00, 0x00, 0x00, 0x00, 0x00, 0x00, 
		0x00, 0x00, 0x00, 0xbf, 0xe9, 0x23, 0x00, 0x00, 0x00, 0x00, 0x00, 
		0x00, 0x00, 0x97, 0x72, 0x40, 0xd3, 0x0d, 0x00, 0x00, 0x00, 0x00, 
		0x00, 0x72, 0xaa, 0x00, 0x00, 0x60, 0xbf, 0x00, 0x00, 0x00, 0x00, 
		0x31, 0xbf, 0x0d, 0x00, 0x00, 0x00, 0x84, 0x71, 0x00, 0x00, 0x00, 
		0x00, 0x00, 0x00, 0x00, 0x00, 0x00, 0x00, 0x00, 0x00, 0x00, 0x00, 
		0x00, 0x00, 0x00, 0x00, 0x00, 0x00, 0x00, 0x00, 0x00, 0x00, 0x00, 
		0x00, 0x00, 0x00, 0x00, 0x00, 0x00, 0x00, 0x00, 0x00, 0x00, 0x00, 
		0x00, 0x00, 0x00, 0x00, 0x00, 0x00, 0x00, 0x00, 0x00, 0x00, 0x00, 
		0x00, 0x00, 0x00, 0x00, 0x00, 0x00, 0x00, 0x00, 0x00, 0x00, 0x00, 
		0x00, 0x00, 0x00, 0x00, 0x00, 0x00, 0x00, 0x00, 0x00, 0x00, 0x00, 
		0x00, 0x00, 0x00, 0x00, 0x00, 0x00, 0x00, 0x00, 0x00, 0x00, 0x00, 
		0x00, 0x00, 0x00, 0x00, 0x00, 0x00, 0x00, 0x00, 0x00, 0x00, 0x00, 
		0x00, 0x00, 0x00, 0x00, 0x00, 0x00, 0x00, 0x00, 0x00, 0x00, 0x00, 
		0x00, 0x00, 0x00, 0x00, 0x00, 0x00, 0x00, 0x00, 0x00, 0x00, 0x00, 
		0x00, 0x00, 0x00, 0x00, 0x00, 0x00, 0x00, 0x00, 0x00, 0x00, 0x00, 
		0x00, 0x00, 0x00, 0x00, 0x00, 0x00, 0x00, 0x00, 0x00, 0x00, 0x00
	},
	// '_'
	{	0x00, 0x00, 0x00, 0x00, 0x00, 0x00, 0x00, 0x00, 0x00, 0x00, 0x00, 
		0x00, 0x00, 0x00, 0x00, 0x00, 0x00, 0x00, 0x00, 0x00, 0x00, 0x00, 
		0x00, 0x00, 0x00, 0x00, 0x00, 0x00, 0x00, 0x00, 0x00, 0x00, 0x00, 
		0x00, 0x00, 0x00, 0x00, 0x00, 0x00, 0x00, 0x00, 0x00, 0x00, 0x00, 
		0x00, 0x00, 0x00, 0x00, 0x00, 0x00, 0x00, 0x00, 0x00, 0x00, 0x00, 
		0x00, 0x00, 0x00, 0x00, 0x00, 0x00, 0x00, 0x00, 0x00, 0x00, 0x00, 
		0x00, 0x00, 0x00, 0x00, 0x00, 0x00, 0x00, 0x00, 0x00, 0x00, 0x00, 
		0x00, 0x00, 0x00, 0x00, 0x00, 0x00, 0x00, 0x00, 0x00, 0x00, 0x00, 
		0x00, 0x00, 0x00, 0x00, 0x00, 0x00, 0x00, 0x00, 0x00, 0x00, 0x00, 
		0x00, 0x00, 0x00, 0x00, 0x00, 0x00, 0x00, 0x00, 0x00, 0x00, 0x00, 
		0x00, 0x00, 0x00, 0x00, 0x00, 0x00, 0x00, 0x00, 0x00, 0x00, 0x00, 
		0x00, 0x00, 0x00, 0x00, 0x00, 0x00, 0x00, 0x00, 0x00, 0x00, 0x00, 
		0x00, 0x00, 0x00, 0x00, 0x00, 0x00, 0x00, 0x00, 0x00, 0x00, 0x00, 
		0x00, 0x00, 0x00, 0x00, 0x00, 0x00, 0x00, 0x00, 0x00, 0x00, 0x00, 
		0x00, 0x00, 0x00, 0x00, 0x00, 0x00, 0x00, 0x00, 0x00, 0x00, 0x00, 
		0x00, 0x00, 0x00, 0x00, 0x00, 0x00, 0x00, 0x00, 0x00, 0x00, 0x00, 
		0x00, 0x00, 0x00, 0x00, 0x00, 0x00, 0x00, 0x00, 0x00, 0x00, 0x00, 
		0xd3, 0xff, 0xff, 0xff, 0xff, 0xff, 0xff, 0xff, 0xff, 0xff, 0xff
	},
	// '`'
	{	0x00, 0x00, 0x00, 0x00, 0x00, 0x00, 0x00, 0x00, 0x00, 0x00, 0x00, 
		0x00, 0x00, 0xe9, 0x32, 0x00, 0x00, 0x00, 0x00, 0x00, 0x00, 0x00, 
		0x00, 0x00, 0x17, 0xd4, 0x4f, 0x00, 0x00, 0x00, 0x00, 0x00, 0x00, 
		0x00, 0x00, 0x00, 0x17, 0xd3, 0x24, 0x00, 0x00, 0x00, 0x00, 0x00, 
		0x00, 0x00, 0x00, 0x00, 0x00, 0x00, 0x00, 0x00, 0x00, 0x00, 0x00, 
		0x00, 0x00, 0x00, 0x00, 0x00, 0x00, 0x00, 0x00, 0x00, 0x00, 0x00, 
		0x00, 0x00, 0x00, 0x00, 0x00, 0x00, 0x00, 0x00, 0x00, 0x00, 0x00, 
		0x00, 0x00, 0x00, 0x00, 0x00, 0x00, 0x00, 0x00, 0x00, 0x00, 0x00, 
		0x00, 0x00, 0x00, 0x00, 0x00, 0x00, 0x00, 0x00, 0x00, 0x00, 0x00, 
		0x00, 0x00, 0x00, 0x00, 0x00, 0x00, 0x00, 0x00, 0x00, 0x00, 0x00, 
		0x00, 0x00, 0x00, 0x00, 0x00, 0x00, 0x00, 0x00, 0x00, 0x00, 0x00, 
		0x00, 0x00, 0x00, 0x00, 0x00, 0x00, 0x00, 0x00, 0x00, 0x00, 0x00, 
		0x00, 0x00, 0x00, 0x00, 0x00, 0x00, 0x00, 0x00, 0x00, 0x00, 0x00, 
		0x00, 0x00, 0x00, 0x00, 0x00, 0x00, 0x00, 0x00, 0x00, 0x00, 0x00, 
		0x00, 0x00, 0x00, 0x00, 0x00, 0x00, 0x00, 0x00, 0x00, 0x00, 0x00, 
		0x00, 0x00, 0x00, 0x00, 0x00, 0x00, 0x00, 0x00, 0x00, 0x00, 0x00, 
		0x00, 0x00, 0x00, 0x00, 0x00, 0x00, 0x00, 0x00, 0x00, 0x00, 0x00, 
		0x18, 0x00, 0x00, 0x00, 0x00, 0x00, 0x00, 0x00, 0x00, 0x00, 0x00
	},
	// 'a'
	{	0x00, 0x00, 0x00, 0x00, 0x00, 0x00, 0x00, 0x00, 0x00, 0x00, 0x00, 
		0x00, 0x00, 0x00, 0x00, 0x00, 0x00, 0x00, 0x00, 0x00, 0x00, 0x00, 
		0x00, 0x00, 0x00, 0x00, 0x00, 0x00, 0x00, 0x00, 0x00, 0x00, 0x00, 
		0x00, 0x00, 0x00, 0x00, 0x00, 0x00, 0x00, 0x00, 0x00, 0x00, 0x00, 
		0x00, 0x00, 0x00, 0x00, 0x00, 0x00, 0x00, 0x00, 0x00, 0x00, 0x00, 
		0x00, 0x17, 0x84, 0xff, 0xff, 0xff, 0x97, 0x24, 0x00, 0x00, 0x00, 
		0x00, 0x00, 0x31, 0x00, 0x00, 0x00, 0x50, 0xe9, 0x0d, 0x00, 0x00, 
		0x00, 0x00, 0x00, 0x00, 0x00, 0x00, 0x00, 0xd4, 0x32, 0x00, 0x00, 
		0x00, 0x0d, 0x84, 0xff, 0xff, 0xff, 0xe9, 0xe9, 0x32, 0x00, 0x00, 
		0x00, 0xbf, 0xaa, 0x18, 0x00, 0x00, 0x00, 0xd3, 0x31, 0x00, 0x00, 
		0x17, 0xd4, 0x00, 0x00, 0x00, 0x00, 0x00, 0xe9, 0x31, 0x00, 0x00, 
		0x0d, 0xe9, 0x50, 0x00, 0x00, 0x60, 0xd3, 0xff, 0x31, 0x00, 0x00, 
		0x00, 0x32, 0xd3, 0xff, 0xff, 0xab, 0x24, 0xd3, 0xff, 0x60, 0x00, 
		0x00, 0x00, 0x00, 0x00, 0x00, 0x00, 0x00, 0x00, 0x00, 0x00, 0x00, 
		0x00, 0x00, 0x00, 0x00, 0x00, 0x00, 0x00, 0x00, 0x00, 0x00, 0x00, 
		0x00, 0x00, 0x00, 0x00, 0x00, 0x00, 0x00, 0x00, 0x00, 0x00, 0x00, 
		0x00, 0x00, 0x00, 0x00, 0x00, 0x00, 0x00, 0x00, 0x00, 0x00, 0x00, 
		0x00, 0x00, 0x00, 0x00, 0x00, 0x00, 0x00, 0x00, 0x00, 0x00, 0x00
	},
	// 'b'
	{	0x00, 0x00, 0x00, 0x00, 0x00, 0x00, 0x00, 0x00, 0x00, 0x00, 0x00, 
		0x00, 0x00, 0x00, 0x00, 0x00, 0x00, 0x00, 0x00, 0x00, 0x00, 0x00, 
		0x50, 0xff, 0xd3, 0x00, 0x00, 0x00, 0x00, 0x00, 0x00, 0x00, 0x00, 
		0x00, 0x17, 0xd4, 0x00, 0x00, 0x00, 0x00, 0x00, 0x00, 0x00, 0x00, 
		0x00, 0x17, 0xd4, 0x00, 0x00, 0x00, 0x00, 0x00, 0x00, 0x00, 0x00, 
		0x00, 0x18, 0xd4, 0x0d, 0x96, 0xff, 0xff, 0xbf, 0x31, 0x00, 0x00, 
		0x00, 0x18, 0xe9, 0xbf, 0x60, 0x00, 0x00, 0x50, 0xd4, 0x40, 0x00, 
		0x00, 0x17, 0xff, 0x50, 0x00, 0x00, 0x00, 0x00, 0x17, 0xe9, 0x00, 
		0x00, 0x17, 0xe9, 0x00, 0x00, 0x00, 0x00, 0x00, 0x00, 0xd3, 0x18, 
		0x00, 0x17, 0xe9, 0x00, 0x00, 0x00, 0x00, 0x00, 0x00, 0xd3, 0x18, 
		0x00, 0x18, 0xff, 0x50, 0x00, 0x00, 0x00, 0x00, 0x18, 0xd4, 0x00, 
		0x00, 0x18, 0xe9, 0xbe, 0x60, 0x00, 0x00, 0x50, 0xd3, 0x40, 0x00, 
		0x50, 0xff, 0xd4, 0x0d, 0xab, 0xff, 0xff, 0xbf, 0x31, 0x00, 0x00, 
		0x00, 0x00, 0x00, 0x00, 0x00, 0x00, 0x00, 0x00, 0x00, 0x00, 0x00, 
		0x00, 0x00, 0x00, 0x00, 0x00, 0x00, 0x00, 0x00, 0x00, 0x00, 0x00, 
		0x00, 0x00, 0x00, 0x00, 0x00, 0x00, 0x00, 0x00, 0x00, 0x00, 0x00, 
		0x00, 0x00, 0x00, 0x00, 0x00, 0x00, 0x00, 0x00, 0x00, 0x00, 0x00, 
		0x00, 0x00, 0x00, 0x00, 0x00, 0x00, 0x00, 0x00, 0x00, 0x00, 0x00
	},
	// 'c'
	{	0x00, 0x00, 0x00, 0x00, 0x00, 0x00, 0x00, 0x00, 0x00, 0x00, 0x00, 
		0x00, 0x00, 0x00, 0x00, 0x00, 0x00, 0x00, 0x00, 0x00, 0x00, 0x00, 
		0x00, 0x00, 0x00, 0x00, 0x00, 0x00, 0x00, 0x00, 0x00, 0x00, 0x00, 
		0x00, 0x00, 0x00, 0x00, 0x00, 0x00, 0x00, 0x00, 0x00, 0x00, 0x00, 
		0x00, 0x00, 0x00, 0x00, 0x00, 0x00, 0x00, 0x00, 0x00, 0x00, 0x00, 
		0x00, 0x17, 0x96, 0xff, 0xff, 0xe9, 0x60, 0xbe, 0x18, 0x00, 0x00, 
		0x18, 0xd3, 0x60, 0x00, 0x00, 0x18, 0xab, 0xff, 0x17, 0x00, 0x00, 
		0x72, 0x50, 0x00, 0x00, 0x00, 0x00, 0x00, 0xe9, 0x0d, 0x00, 0x00, 
		0xbf, 0x17, 0x00, 0x00, 0x00, 0x00, 0x00, 0x00, 0x00, 0x00, 0x00, 
		0xd3, 0x18, 0x00, 0x00, 0x00, 0x00, 0x00, 0x00, 0x00, 0x00, 0x00, 
		0x84, 0x61, 0x00, 0x00, 0x00, 0x00, 0x00, 0x00, 0x00, 0x00, 0x00, 
		0x17, 0xe9, 0x4f, 0x00, 0x00, 0x00, 0x60, 0xbe, 0x50, 0x00, 0x00, 
		0x00, 0x18, 0xaa, 0xff, 0xff, 0xff, 0x97, 0x24, 0x00, 0x00, 0x00, 
		0x00, 0x00, 0x00, 0x00, 0x00, 0x00, 0x00, 0x00, 0x00, 0x00, 0x00, 
		0x00, 0x00, 0x00, 0x00, 0x00, 0x00, 0x00, 0x00, 0x00, 0x00, 0x00, 
		0x00, 0x00, 0x00, 0x00, 0x00, 0x00, 0x00, 0x00, 0x00, 0x00, 0x00, 
		0x00, 0x00, 0x00, 0x00, 0x00, 0x00, 0x00, 0x00, 0x00, 0x00, 0x00, 
		0x00, 0x00, 0x00, 0x00, 0x00, 0x00, 0x00, 0x00, 0x00, 0x00, 0x00
	},
	// 'd'
	{	0x00, 0x00, 0x00, 0x00, 0x00, 0x00, 0x00, 0x00, 0x00, 0x00, 0x00, 
		0x00, 0x00, 0x00, 0x00, 0x00, 0x00, 0x00, 0x00, 0x00, 0x00, 0x00, 
		0x00, 0x00, 0x00, 0x00, 0x00, 0x00, 0x50, 0xff, 0xd4, 0x00, 0x00, 
		0x00, 0x00, 0x00, 0x00, 0x00, 0x00, 0x00, 0x17, 0xd4, 0x00, 0x00, 
		0x00, 0x00, 0x00, 0x00, 0x00, 0x00, 0x00, 0x17, 0xd4, 0x00, 0x00, 
		0x00, 0x00, 0x61, 0xd3, 0xff, 0xff, 0x97, 0x24, 0xd4, 0x00, 0x00, 
		0x00, 0x61, 0xbf, 0x17, 0x00, 0x00, 0x60, 0xd3, 0xd3, 0x00, 0x00, 
		0x0d, 0xd4, 0x0d, 0x00, 0x00, 0x00, 0x00, 0x4f, 0xd4, 0x00, 0x00, 
		0x40, 0x97, 0x00, 0x00, 0x00, 0x00, 0x00, 0x18, 0xd4, 0x00, 0x00, 
		0x40, 0x97, 0x00, 0x00, 0x00, 0x00, 0x00, 0x17, 0xd3, 0x00, 0x00, 
		0x0d, 0xd4, 0x0d, 0x00, 0x00, 0x00, 0x00, 0x50, 0xd4, 0x00, 0x00, 
		0x00, 0x60, 0xbf, 0x18, 0x00, 0x00, 0x60, 0xd4, 0xd4, 0x00, 0x00, 
		0x00, 0x00, 0x60, 0xd4, 0xff, 0xff, 0x96, 0x24, 0xff, 0xff, 0x18, 
		0x00, 0x00, 0x00, 0x00, 0x00, 0x00, 0x00, 0x00, 0x00, 0x00, 0x00, 
		0x00, 0x00, 0x00, 0x00, 0x00, 0x00, 0x00, 0x00, 0x00, 0x00, 0x00, 
		0x00, 0x00, 0x00, 0x00, 0x00, 0x00, 0x00, 0x00, 0x00, 0x00, 0x00, 
		0x00, 0x00, 0x00, 0x00, 0x00, 0x00, 0x00, 0x00, 0x00, 0x00, 0x00, 
		0x00, 0x00, 0x00, 0x00, 0x00, 0x00, 0x00, 0x00, 0x00, 0x00, 0x00
	},
	// 'e'
	{	0x00, 0x00, 0x00, 0x00, 0x00, 0x00, 0x00, 0x00, 0x00, 0x00, 0x00, 
		0x00, 0x00, 0x00, 0x00, 0x00, 0x00, 0x00, 0x00, 0x00, 0x00, 0x00, 
		0x00, 0x00, 0x00, 0x00, 0x00, 0x00, 0x00, 0x00, 0x00, 0x00, 0x00, 
		0x00, 0x00, 0x00, 0x00, 0x00, 0x00, 0x00, 0x00, 0x00, 0x00, 0x00, 
		0x00, 0x00, 0x00, 0x00, 0x00, 0x00, 0x00, 0x00, 0x00, 0x00, 0x00, 
		0x00, 0x00, 0x72, 0xff, 0xff, 0xff, 0xd4, 0x50, 0x00, 0x00, 0x00, 
		0x00, 0x61, 0x97, 0x0d, 0x00, 0x00, 0x18, 0xab, 0x60, 0x00, 0x00, 
		0x0d, 0xbe, 0x00, 0x00, 0x00, 0x00, 0x00, 0x00, 0xbf, 0x0d, 0x00, 
		0x32, 0xff, 0xff, 0xff, 0xff, 0xff, 0xff, 0xff, 0xff, 0x31, 0x00, 
		0x24, 0xbf, 0x00, 0x00, 0x00, 0x00, 0x00, 0x00, 0x00, 0x00, 0x00, 
		0x00, 0xd3, 0x31, 0x00, 0x00, 0x00, 0x00, 0x00, 0x00, 0x00, 0x00, 
		0x00, 0x31, 0xe9, 0x60, 0x00, 0x00, 0x00, 0x31, 0xd4, 0x24, 0x00, 
		0x00, 0x00, 0x24, 0xab, 0xff, 0xff, 0xff, 0x84, 0x24, 0x00, 0x00, 
		0x00, 0x00, 0x00, 0x00, 0x00, 0x00, 0x00, 0x00, 0x00, 0x00, 0x00, 
		0x00, 0x00, 0x00, 0x00, 0x00, 0x00, 0x00, 0x00, 0x00, 0x00, 0x00, 
		0x00, 0x00, 0x00, 0x00, 0x00, 0x00, 0x00, 0x00, 0x00, 0x00, 0x00, 
		0x00, 0x00, 0x00, 0x00, 0x00, 0x00, 0x00, 0x00, 0x00, 0x00, 0x00, 
		0x00, 0x00, 0x00, 0x00, 0x00, 0x00, 0x00, 0x00, 0x00, 0x00, 0x00
	},
	// 'f'
	{	0x00, 0x00, 0x00, 0x00, 0x00, 0x00, 0x00, 0x00, 0x00, 0x00, 0x00, 
		0x00, 0x00, 0x00, 0x00, 0x00, 0x00, 0x00, 0x00, 0x00, 0x00, 0x00, 
		0x00, 0x00, 0x0d, 0xaa, 0xff, 0xff, 0xff, 0xd3, 0x0d, 0x00, 0x00, 
		0x00, 0x00, 0x72, 0xab, 0x00, 0x00, 0x00, 0x00, 0x00, 0x00, 0x00, 
		0x00, 0x00, 0xab, 0x32, 0x00, 0x00, 0x00, 0x00, 0x00, 0x00, 0x00, 
		0xaa, 0xff, 0xff, 0xff, 0xff, 0xff, 0xff, 0x32, 0x00, 0x00, 0x00, 
		0x00, 0x00, 0xab, 0x31, 0x00, 0x00, 0x00, 0x00, 0x00, 0x00, 0x00, 
		0x00, 0x00, 0xab, 0x31, 0x00, 0x00, 0x00, 0x00, 0x00, 0x00, 0x00, 
		0x00, 0x00, 0xaa, 0x31, 0x00, 0x00, 0x00, 0x00, 0x00, 0x00, 0x00, 
		0x00, 0x00, 0xaa, 0x32, 0x00, 0x00, 0x00, 0x00, 0x00, 0x00, 0x00, 
		0x00, 0x00, 0xab, 0x32, 0x00, 0x00, 0x00, 0x00, 0x00, 0x00, 0x00, 
		0x00, 0x00, 0xaa, 0x31, 0x00, 0x00, 0x00, 0x00, 0x00, 0x00, 0x00, 
		0xff, 0xff, 0xff, 0xff, 0xff, 0xff, 0xff, 0x00, 0x00, 0x00, 0x00, 
		0x00, 0x00, 0x00, 0x00, 0x00, 0x00, 0x00, 0x00, 0x00, 0x00, 0x00, 
		0x00, 0x00, 0x00, 0x00, 0x00, 0x00, 0x00, 0x00, 0x00, 0x00, 0x00, 
		0x00, 0x00, 0x00, 0x00, 0x00, 0x00, 0x00, 0x00, 0x00, 0x00, 0x00, 
		0x00, 0x00, 0x00, 0x00, 0x00, 0x00, 0x00, 0x00, 0x00, 0x00, 0x00, 
		0x00, 0x00, 0x00, 0x00, 0x00, 0x00, 0x00, 0x00, 0x00, 0x00, 0x00
	},
	// 'g'
	{	0x00, 0x00, 0x00, 0x00, 0x00, 0x00, 0x00, 0x00, 0x00, 0x00, 0x00, 
		0x00, 0x00, 0x00, 0x00, 0x00, 0x00, 0x00, 0x00, 0x00, 0x00, 0x00, 
		0x00, 0x00, 0x00, 0x00, 0x00, 0x00, 0x00, 0x00, 0x00, 0x00, 0x00, 
		0x00, 0x00, 0x00, 0x00, 0x00, 0x00, 0x00, 0x00, 0x00, 0x00, 0x00, 
		0x00, 0x00, 0x00, 0x00, 0x00, 0x00, 0x00, 0x00, 0x00, 0x00, 0x00, 
		0x00, 0x18, 0xaa, 0xff, 0xff, 0xbe, 0x18, 0xff, 0xff, 0x50, 0x00, 
		0x0d, 0xd3, 0x50, 0x00, 0x00, 0x32, 0xbf, 0xff, 0x18, 0x00, 0x00, 
		0x71, 0x61, 0x00, 0x00, 0x00, 0x00, 0x31, 0xff, 0x18, 0x00, 0x00, 
		0xbf, 0x32, 0x00, 0x00, 0x00, 0x00, 0x00, 0xff, 0x18, 0x00, 0x00, 
		0xbe, 0x32, 0x00, 0x00, 0x00, 0x00, 0x00, 0xff, 0x18, 0x00, 0x00, 
		0x71, 0x60, 0x00, 0x00, 0x00, 0x00, 0x40, 0xff, 0x18, 0x00, 0x00, 
		0x0c, 0xd3, 0x50, 0x00, 0x00, 0x31, 0xbf, 0xff, 0x17, 0x00, 0x00, 
		0x00, 0x18, 0xaa, 0xff, 0xff, 0xbf, 0x18, 0xff, 0x17, 0x00, 0x00, 
		0x00, 0x00, 0x00, 0x00, 0x00, 0x00, 0x00, 0xff, 0x00, 0x00, 0x00, 
		0x00, 0x00, 0x00, 0x00, 0x00, 0x00, 0x84, 0x97, 0x00, 0x00, 0x00, 
		0x00, 0x00, 0xab, 0xff, 0xff, 0xff, 0x97, 0x00, 0x00, 0x00, 0x00, 
		0x00, 0x00, 0x00, 0x00, 0x00, 0x00, 0x00, 0x00, 0x00, 0x00, 0x00, 
		0x00, 0x00, 0x00, 0x00, 0x00, 0x00, 0x00, 0x00, 0x00, 0x00, 0x00
	},
	// 'h'
	{	0x00, 0x00, 0x00, 0x00, 0x00, 0x00, 0x00, 0x00, 0x00, 0x00, 0x00, 
		0x00, 0x00, 0x00, 0x00, 0x00, 0x00, 0x00, 0x00, 0x00, 0x00, 0x00, 
		0xff, 0xff, 0x31, 0x00, 0x00, 0x00, 0x00, 0x00, 0x00, 0x00, 0x00, 
		0x00, 0xab, 0x32, 0x00, 0x00, 0x00, 0x00, 0x00, 0x00, 0x00, 0x00, 
		0x00, 0xaa, 0x31, 0x00, 0x00, 0x00, 0x00, 0x00, 0x00, 0x00, 0x00, 
		0x00, 0xaa, 0x40, 0xaa, 0xff, 0xff, 0xaa, 0x0c, 0x00, 0x00, 0x00, 
		0x00, 0xaa, 0xd3, 0x23, 0x00, 0x00, 0x84, 0xaa, 0x00, 0x00, 0x00, 
		0x00, 0xaa, 0x50, 0x00, 0x00, 0x00, 0x00, 0xff, 0x00, 0x00, 0x00, 
		0x00, 0xaa, 0x31, 0x00, 0x00, 0x00, 0x00, 0xff, 0x00, 0x00, 0x00, 
		0x00, 0xab, 0x32, 0x00, 0x00, 0x00, 0x00, 0xff, 0x00, 0x00, 0x00, 
		0x00, 0xab, 0x31, 0x00, 0x00, 0x00, 0x00, 0xff, 0x00, 0x00, 0x00, 
		0x00, 0xaa, 0x31, 0x00, 0x00, 0x00, 0x00, 0xff, 0x00, 0x00, 0x00, 
		0xff, 0xff, 0xff, 0x60, 0x00, 0x31, 0xff, 0xff, 0xff, 0x31, 0x17, 
		0x00, 0x00, 0x00, 0x00, 0x00, 0x00, 0x00, 0x00, 0x00, 0x00, 0x00, 
		0x00, 0x00, 0x00, 0x00, 0x00, 0x00, 0x00, 0x00, 0x00, 0x00, 0x00, 
		0x00, 0x00, 0x00, 0x00, 0x00, 0x00, 0x00, 0x00, 0x00, 0x00, 0x00, 
		0x00, 0x00, 0x00, 0x00, 0x00, 0x00, 0x00, 0x00, 0x00, 0x00, 0x00, 
		0x00, 0x00, 0x00, 0x00, 0x00, 0x00, 0x00, 0x00, 0x00, 0x00, 0x00
	},
	// 'i'
	{	0x00, 0x00, 0x00, 0x00, 0x00, 0x00, 0x00, 0x00, 0x00, 0x00, 0x00, 
		0x00, 0x00, 0x31, 0xff, 0x18, 0x00, 0x00, 0x00, 0x00, 0x00, 0x00, 
		0x00, 0x00, 0x31, 0xff, 0x18, 0x00, 0x00, 0x00, 0x00, 0x00, 0x00, 
		0x00, 0x00, 0x00, 0x00, 0x00, 0x00, 0x00, 0x00, 0x00, 0x00, 0x00, 
		0x00, 0x00, 0x00, 0x00, 0x00, 0x00, 0x00, 0x00, 0x00, 0x00, 0x00, 
		0x4f, 0xff, 0xff, 0xff, 0x18, 0x00, 0x00, 0x00, 0x00, 0x00, 0x00, 
		0x00, 0x00, 0x00, 0xd3, 0x18, 0x00, 0x00, 0x00, 0x00, 0x00, 0x00, 
		0x00, 0x00, 0x00, 0xd3, 0x18, 0x00, 0x00, 0x00, 0x00, 0x00, 0x00, 
		0x00, 0x00, 0x00, 0xd3, 0x18, 0x00, 0x00, 0x00, 0x00, 0x00, 0x00, 
		0x00, 0x00, 0x00, 0xd3, 0x18, 0x00, 0x00, 0x00, 0x00, 0x00, 0x00, 
		0x00, 0x00, 0x00, 0xd3, 0x18, 0x00, 0x00, 0x00, 0x00, 0x00, 0x00, 
		0x00, 0x00, 0x00, 0xd4, 0x18, 0x00, 0x00, 0x00, 0x00, 0x00, 0x00, 
		0xff, 0xff, 0xff, 0xff, 0xff, 0xff, 0xff, 0x60, 0x00, 0x00, 0x00, 
		0x00, 0x00, 0x00, 0x00, 0x00, 0x00, 0x00, 0x00, 0x00, 0x00, 0x00, 
		0x00, 0x00, 0x00, 0x00, 0x00, 0x00, 0x00, 0x00, 0x00, 0x00, 0x00, 
		0x00, 0x00, 0x00, 0x00, 0x00, 0x00, 0x00, 0x00, 0x00, 0x00, 0x00, 
		0x00, 0x00, 0x00, 0x00, 0x00, 0x00, 0x00, 0x00, 0x00, 0x00, 0x00, 
		0x00, 0x00, 0x00, 0x00, 0x00, 0x00, 0x00, 0x00, 0x00, 0x00, 0x00
	},
	// 'j'
	{	0x00, 0x00, 0x00, 0x00, 0x00, 0x00, 0x00, 0x00, 0x00, 0x00, 0x00, 
		0x00, 0x00, 0x00, 0x00, 0x60, 0xd4, 0x00, 0x00, 0x00, 0x00, 0x00, 
		0x00, 0x00, 0x00, 0x00, 0x60, 0xd4, 0x00, 0x00, 0x00, 0x00, 0x00, 
		0x00, 0x00, 0x00, 0x00, 0x00, 0x00, 0x00, 0x00, 0x00, 0x00, 0x00, 
		0x00, 0x00, 0x00, 0x00, 0x00, 0x00, 0x00, 0x00, 0x00, 0x00, 0x00, 
		0x32, 0xff, 0xff, 0xff, 0xff, 0xff, 0x84, 0x00, 0x00, 0x00, 0x00, 
		0x00, 0x00, 0x00, 0x00, 0x00, 0x50, 0x84, 0x00, 0x00, 0x00, 0x00, 
		0x00, 0x00, 0x00, 0x00, 0x00, 0x50, 0x84, 0x00, 0x00, 0x00, 0x00, 
		0x00, 0x00, 0x00, 0x00, 0x00, 0x50, 0x84, 0x00, 0x00, 0x00, 0x00, 
		0x00, 0x00, 0x00, 0x00, 0x00, 0x50, 0x84, 0x00, 0x00, 0x00, 0x00, 
		0x00, 0x00, 0x00, 0x00, 0x00, 0x50, 0x84, 0x00, 0x00, 0x00, 0x00, 
		0x00, 0x00, 0x00, 0x00, 0x00, 0x50, 0x84, 0x00, 0x00, 0x00, 0x00, 
		0x00, 0x00, 0x00, 0x00, 0x00, 0x50, 0x84, 0x00, 0x00, 0x00, 0x00, 
		0x00, 0x00, 0x00, 0x00, 0x00, 0x50, 0x72, 0x00, 0x00, 0x00, 0x00, 
		0x00, 0x00, 0x00, 0x00, 0x0d, 0xbf, 0x31, 0x00, 0x00, 0x00, 0x00, 
		0x31, 0xff, 0xff, 0xff, 0xff, 0x60, 0x00, 0x00, 0x00, 0x00, 0x00, 
		0x00, 0x00, 0x00, 0x00, 0x00, 0x00, 0x00, 0x00, 0x00, 0x00, 0x00, 
		0x00, 0x00, 0x00, 0x00, 0x00, 0x00, 0x00, 0x00, 0x00, 0x00, 0x00
	},
	// 'k'
	{	0x00, 0x00, 0x00, 0x00, 0x00, 0x00, 0x00, 0x00, 0x00, 0x00, 0x00, 
		0x00, 0x00, 0x00, 0x00, 0x00, 0x00, 0x00, 0x00, 0x00, 0x00, 0x00, 
		0x84, 0xff, 0xab, 0x00, 0x00, 0x00, 0x00, 0x00, 0x00, 0x00, 0x00, 
		0x00, 0x4f, 0xaa, 0x00, 0x00, 0x00, 0x00, 0x00, 0x00, 0x00, 0x00, 
		0x00, 0x50, 0xab, 0x00, 0x00, 0x00, 0x00, 0x00, 0x00, 0x00, 0x00, 
		0x00, 0x50, 0xaa, 0x00, 0x00, 0xd3, 0xff, 0xff, 0xaa, 0x00, 0x00, 
		0x00, 0x4f, 0xaa, 0x00, 0x00, 0x97, 0x84, 0x00, 0x00, 0x00, 0x00, 
		0x00, 0x4f, 0xab, 0x17, 0xbf, 0x50, 0x00, 0x00, 0x00, 0x00, 0x00, 
		0x00, 0x50, 0xd4, 0xff, 0x60, 0x00, 0x00, 0x00, 0x00, 0x00, 0x00, 
		0x00, 0x50, 0xd3, 0x60, 0xe9, 0x17, 0x00, 0x00, 0x00, 0x00, 0x00, 
		0x00, 0x50, 0xaa, 0x00, 0x31, 0xd4, 0x18, 0x00, 0x00, 0x00, 0x00, 
		0x00, 0x4f, 0xaa, 0x00, 0x00, 0x50, 0xbf, 0x0d, 0x00, 0x00, 0x00, 
		0x84, 0xff, 0xaa, 0x00, 0x00, 0xaa, 0xff, 0xff, 0xd4, 0x00, 0x00, 
		0x00, 0x00, 0x00, 0x00, 0x00, 0x00, 0x00, 0x00, 0x00, 0x00, 0x00, 
		0x00, 0x00, 0x00, 0x00, 0x00, 0x00, 0x00, 0x00, 0x00, 0x00, 0x00, 
		0x00, 0x00, 0x00, 0x00, 0x00, 0x00, 0x00, 0x00, 0x00, 0x00, 0x00, 
		0x00, 0x00, 0x00, 0x00, 0x00, 0x00, 0x00, 0x00, 0x00, 0x00, 0x00, 
		0x00, 0x00, 0x00, 0x00, 0x00, 0x00, 0x00, 0x00, 0x00, 0x00, 0x00
	},
	// 'l'
	{	0x00, 0x00, 0x00, 0x00, 0x00, 0x00, 0x00, 0x00, 0x00, 0x00, 0x00, 
		0x00, 0x00, 0x00, 0x00, 0x00, 0x00, 0x00, 0x00, 0x00, 0x00, 0x00, 
		0x00, 0xd4, 0xff, 0xff, 0x84, 0x00, 0x00, 0x00, 0x00, 0x00, 0x00, 
		0x00, 0x00, 0x00, 0x4f, 0x84, 0x00, 0x00, 0x00, 0x00, 0x00, 0x00, 
		0x00, 0x00, 0x00, 0x50, 0x84, 0x00, 0x00, 0x00, 0x00, 0x00, 0x00, 
		0x00, 0x00, 0x00, 0x50, 0x84, 0x00, 0x00, 0x00, 0x00, 0x00, 0x00, 
		0x00, 0x00, 0x00, 0x50, 0x84, 0x00, 0x00, 0x00, 0x00, 0x00, 0x00, 
		0x00, 0x00, 0x00, 0x4f, 0x84, 0x00, 0x00, 0x00, 0x00, 0x00, 0x00, 
		0x00, 0x00, 0x00, 0x50, 0x84, 0x00, 0x00, 0x00, 0x00, 0x00, 0x00, 
		0x00, 0x00, 0x00, 0x50, 0x84, 0x00, 0x00, 0x00, 0x00, 0x00, 0x00, 
		0x00, 0x00, 0x00, 0x4f, 0x84, 0x00, 0x00, 0x00, 0x00, 0x00, 0x00, 
		0x00, 0x00, 0x00, 0x4f, 0x84, 0x00, 0x00, 0x00, 0x00, 0x00, 0x00, 
		0x84, 0xff, 0xff, 0xff, 0xff, 0xff, 0xff, 0xff, 0x00, 0x00, 0x00, 
		0x00, 0x00, 0x00, 0x00, 0x00, 0x00, 0x00, 0x00, 0x00, 0x00, 0x00, 
		0x00, 0x00, 0x00, 0x00, 0x00, 0x00, 0x00, 0x00, 0x00, 0x00, 0x00, 
		0x00, 0x00, 0x00, 0x00, 0x00, 0x00, 0x00, 0x00, 0x00, 0x00, 0x00, 
		0x00, 0x00, 0x00, 0x00, 0x00, 0x00, 0x00, 0x00, 0x00, 0x00, 0x00, 
		0x00, 0x00, 0x00, 0x00, 0x00, 0x00, 0x00, 0x00, 0x00, 0x00, 0x00
	},
	// 'm'
	{	0x00, 0x00, 0x00, 0x00, 0x00, 0x00, 0x00, 0x00, 0x00, 0x00, 0x00, 
		0x00, 0x00, 0x00, 0x00, 0x00, 0x00, 0x00, 0x00, 0x00, 0x00, 0x00, 
		0x00, 0x00, 0x00, 0x00, 0x00, 0x00, 0x00, 0x00, 0x00, 0x00, 0x00, 
		0x00, 0x00, 0x00, 0x00, 0x00, 0x00, 0x00, 0x00, 0x00, 0x00, 0x00, 
		0x00, 0x00, 0x00, 0x00, 0x00, 0x00, 0x00, 0x00, 0x00, 0x00, 0x00, 
		0xff, 0xff, 0x84, 0xff, 0xe9, 0x24, 0xab, 0xff, 0xbf, 0x0d, 0x00, 
		0x00, 0xab, 0xd4, 0x17, 0x4f, 0xff, 0xab, 0x00, 0x97, 0x60, 0x00, 
		0x00, 0xab, 0x40, 0x00, 0x17, 0xe9, 0x00, 0x00, 0x50, 0x84, 0x00, 
		0x00, 0xaa, 0x32, 0x00, 0x18, 0xd3, 0x00, 0x00, 0x50, 0x84, 0x00, 
		0x00, 0xab, 0x31, 0x00, 0x18, 0xd4, 0x00, 0x00, 0x50, 0x84, 0x00, 
		0x00, 0xaa, 0x31, 0x00, 0x17, 0xd4, 0x00, 0x00, 0x50, 0x84, 0x00, 
		0x00, 0xaa, 0x31, 0x00, 0x17, 0xd3, 0x00, 0x00, 0x50, 0x84, 0x00, 
		0xff, 0xff, 0xff, 0x61, 0x18, 0xff, 0xff, 0x17, 0x50, 0xff, 0xab, 
		0x00, 0x00, 0x00, 0x00, 0x00, 0x00, 0x00, 0x00, 0x00, 0x00, 0x00, 
		0x00, 0x00, 0x00, 0x00, 0x00, 0x00, 0x00, 0x00, 0x00, 0x00, 0x00, 
		0x00, 0x00, 0x00, 0x00, 0x00, 0x00, 0x00, 0x00, 0x00, 0x00, 0x00, 
		0x00, 0x00, 0x00, 0x00, 0x00, 0x00, 0x00, 0x00, 0x00, 0x00, 0x00, 
		0x00, 0x00, 0x00, 0x00, 0x00, 0x00, 0x00, 0x00, 0x00, 0x00, 0x00
	},
	// 'n'
	{	0x00, 0x00, 0x00, 0x00, 0x00, 0x00, 0x00, 0x00, 0x00, 0x00, 0x00, 
		0x00, 0x00, 0x00, 0x00, 0x00, 0x00, 0x00, 0x00, 0x00, 0x00, 0x00, 
		0x00, 0x00, 0x00, 0x00, 0x00, 0x00, 0x00, 0x00, 0x00, 0x00, 0x00, 
		0x00, 0x00, 0x00, 0x00, 0x00, 0x00, 0x00, 0x00, 0x00, 0x00, 0x00, 
		0x00, 0x00, 0x00, 0x00, 0x00, 0x00, 0x00, 0x00, 0x00, 0x00, 0x00, 
		0x32, 0xff, 0xff, 0x18, 0xbf, 0xff, 0xff, 0x60, 0x00, 0x00, 0x00, 
		0x00, 0x00, 0xff, 0xd3, 0x4f, 0x00, 0x24, 0xe9, 0x31, 0x00, 0x00, 
		0x00, 0x00, 0xff, 0x40, 0x00, 0x00, 0x00, 0x71, 0x60, 0x00, 0x00, 
		0x00, 0x00, 0xff, 0x00, 0x00, 0x00, 0x00, 0x60, 0x60, 0x00, 0x00, 
		0x00, 0x00, 0xff, 0x00, 0x00, 0x00, 0x00, 0x60, 0x60, 0x00, 0x00, 
		0x00, 0x00, 0xff, 0x00, 0x00, 0x00, 0x00, 0x60, 0x60, 0x00, 0x00, 
		0x00, 0x00, 0xff, 0x00, 0x00, 0x00, 0x00, 0x60, 0x60, 0x00, 0x00, 
		0x32, 0xff, 0xff, 0xff, 0x32, 0x00, 0xaa, 0xff, 0xff, 0xab, 0x00, 
		0x00, 0x00, 0x00, 0x00, 0x00, 0x00, 0x00, 0x00, 0x00, 0x00, 0x00, 
		0x00, 0x00, 0x00, 0x00, 0x00, 0x00, 0x00, 0x00, 0x00, 0x00, 0x00, 
		0x00, 0x00, 0x00, 0x00, 0x00, 0x00, 0x00, 0x00, 0x00, 0x00, 0x00, 
		0x00, 0x00, 0x00, 0x00, 0x00, 0x00, 0x00, 0x00, 0x00, 0x00, 0x00, 
		0x00, 0x00, 0x00, 0x00, 0x00, 0x00, 0x00, 0x00, 0x00, 0x00, 0x00
	},
	// 'o'
	{	0x00, 0x00, 0x00, 0x00, 0x00, 0x00, 0x00, 0x00, 0x00, 0x00, 0x00, 
		0x00, 0x00, 0x00, 0x00, 0x00, 0x00, 0x00, 0x00, 0x00, 0x00, 0x00, 
		0x00, 0x00, 0x00, 0x00, 0x00, 0x00, 0x00, 0x00, 0x00, 0x00, 0x00, 
		0x00, 0x00, 0x00, 0x00, 0x00, 0x00, 0x00, 0x00, 0x00, 0x00, 0x00, 
		0x00, 0x00, 0x00, 0x00, 0x00, 0x00, 0x00, 0x00, 0x00, 0x00, 0x00, 
		0x00, 0x00, 0x61, 0xff, 0xff, 0xff, 0x97, 0x0d, 0x00, 0x00, 0x00, 
		0x00, 0x96, 0x60, 0x00, 0x00, 0x00, 0x24, 0xbe, 0x0d, 0x00, 0x00, 
		0x40, 0x84, 0x00, 0x00, 0x00, 0x00, 0x00, 0x50, 0x84, 0x00, 0x00, 
		0x72, 0x60, 0x00, 0x00, 0x00, 0x00, 0x00, 0x18, 0xd4, 0x00, 0x00, 
		0x71, 0x61, 0x00, 0x00, 0x00, 0x00, 0x00, 0x18, 0xd3, 0x00, 0x00, 
		0x40, 0x84, 0x00, 0x00, 0x00, 0x00, 0x00, 0x50, 0x84, 0x00, 0x00, 
		0x00, 0x97, 0x72, 0x00, 0x00, 0x00, 0x4f, 0xbf, 0x0d, 0x00, 0x00, 
		0x00, 0x00, 0x60, 0xff, 0xff, 0xff, 0x97, 0x0d, 0x00, 0x00, 0x00, 
		0x00, 0x00, 0x00, 0x00, 0x00, 0x00, 0x00, 0x00, 0x00, 0x00, 0x00, 
		0x00, 0x00, 0x00, 0x00, 0x00, 0x00, 0x00, 0x00, 0x00, 0x00, 0x00, 
		0x00, 0x00, 0x00, 0x00, 0x00, 0x00, 0x00, 0x00, 0x00, 0x00, 0x00, 
		0x00, 0x00, 0x00, 0x00, 0x00, 0x00, 0x00, 0x00, 0x00, 0x00, 0x00, 
		0x00, 0x00, 0x00, 0x00, 0x00, 0x00, 0x00, 0x00, 0x00, 0x00, 0x00
	},
	// 'p'
	{	0x00, 0x00, 0x00, 0x00, 0x00, 0x00, 0x00, 0x00, 0x00, 0x00, 0x00, 
		0x00, 0x00, 0x00, 0x00, 0x00, 0x00, 0x00, 0x00, 0x00, 0x00, 0x00, 
		0x00, 0x00, 0x00, 0x00, 0x00, 0x00, 0x00, 0x00, 0x00, 0x00, 0x00, 
		0x00, 0x00, 0x00, 0x00, 0x00, 0x00, 0x00, 0x00, 0x00, 0x00, 0x00, 
		0x00, 0x00, 0x00, 0x00, 0x00, 0x00, 0x00, 0x00, 0x00, 0x00, 0x00, 
		0x84, 0xff, 0x84, 0x32, 0xd4, 0xff, 0xff, 0xab, 0x18, 0x00, 0x00, 
		0x00, 0x50, 0xaa, 0xbf, 0x32, 0x00, 0x00, 0x32, 0xbf, 0x18, 0x00, 
		0x00, 0x50, 0xe9, 0x0d, 0x00, 0x00, 0x00, 0x00, 0x40, 0x84, 0x00, 
		0x00, 0x50, 0x97, 0x00, 0x00, 0x00, 0x00, 0x00, 0x17, 0xd4, 0x00, 
		0x00, 0x50, 0x97, 0x00, 0x00, 0x00, 0x00, 0x00, 0x18, 0xd4, 0x00, 
		0x00, 0x50, 0xe9, 0x0d, 0x00, 0x00, 0x00, 0x00, 0x41, 0x84, 0x00, 
		0x00, 0x50, 0xab, 0xbf, 0x31, 0x00, 0x00, 0x32, 0xbe, 0x18, 0x00, 
		0x00, 0x50, 0x84, 0x24, 0xbe, 0xff, 0xff, 0xab, 0x17, 0x00, 0x00, 
		0x00, 0x50, 0x84, 0x00, 0x00, 0x00, 0x00, 0x00, 0x00, 0x00, 0x00, 
		0x00, 0x50, 0x84, 0x00, 0x00, 0x00, 0x00, 0x00, 0x00, 0x00, 0x00, 
		0x84, 0xff, 0xff, 0xff, 0xff, 0x00, 0x00, 0x00, 0x00, 0x00, 0x00, 
		0x00, 0x00, 0x00, 0x00, 0x00, 0x00, 0x00, 0x00, 0x00, 0x00, 0x00, 
		0x00, 0x00, 0x00, 0x00, 0x00, 0x00, 0x00, 0x00, 0x00, 0x00, 0x00
	},
	// 'q'
	{	0x00, 0x00, 0x00, 0x00, 0x00, 0x00, 0x00, 0x00, 0x00, 0x00, 0x00, 
		0x00, 0x00, 0x00, 0x00, 0x00, 0x00, 0x00, 0x00, 0x00, 0x00, 0x00, 
		0x00, 0x00, 0x00, 0x00, 0x00, 0x00, 0x00, 0x00, 0x00, 0x00, 0x00, 
		0x00, 0x00, 0x00, 0x00, 0x00, 0x00, 0x00, 0x00, 0x00, 0x00, 0x00, 
		0x00, 0x00, 0x00, 0x00, 0x00, 0x00, 0x00, 0x00, 0x00, 0x00, 0x00, 
		0x00, 0x0d, 0x97, 0xff, 0xff, 0xd3, 0x50, 0x60, 0xff, 0xaa, 0x00, 
		0x0d, 0xbf, 0x24, 0x00, 0x00, 0x24, 0xbe, 0xbf, 0x60, 0x00, 0x00, 
		0x72, 0x61, 0x00, 0x00, 0x00, 0x00, 0x00, 0xd4, 0x61, 0x00, 0x00, 
		0xbf, 0x32, 0x00, 0x00, 0x00, 0x00, 0x00, 0x72, 0x60, 0x00, 0x00, 
		0xbf, 0x31, 0x00, 0x00, 0x00, 0x00, 0x00, 0x72, 0x60, 0x00, 0x00, 
		0x72, 0x60, 0x00, 0x00, 0x00, 0x00, 0x00, 0xd4, 0x60, 0x00, 0x00, 
		0x0d, 0xbf, 0x24, 0x00, 0x00, 0x24, 0xbf, 0xbf, 0x60, 0x00, 0x00, 
		0x00, 0x0d, 0x96, 0xff, 0xff, 0xd3, 0x4f, 0x61, 0x60, 0x00, 0x00, 
		0x00, 0x00, 0x00, 0x00, 0x00, 0x00, 0x00, 0x61, 0x60, 0x00, 0x00, 
		0x00, 0x00, 0x00, 0x00, 0x00, 0x00, 0x00, 0x60, 0x61, 0x00, 0x00, 
		0x00, 0x00, 0x00, 0x00, 0x00, 0xd4, 0xff, 0xff, 0xff, 0xaa, 0x00, 
		0x00, 0x00, 0x00, 0x00, 0x00, 0x00, 0x00, 0x00, 0x00, 0x00, 0x00, 
		0x00, 0x00, 0x00, 0x00, 0x00, 0x00, 0x00, 0x00, 0x00, 0x00, 0x00
	},
	// 'r'
	{	0x00, 0x00, 0x00, 0x00, 0x00, 0x00, 0x00, 0x00, 0x00, 0x00, 0x00, 
		0x00, 0x00, 0x00, 0x00, 0x00, 0x00, 0x00, 0x00, 0x00, 0x00, 0x00, 
		0x00, 0x00, 0x00, 0x00, 0x00, 0x00, 0x00, 0x00, 0x00, 0x00, 0x00, 
		0x00, 0x00, 0x00, 0x00, 0x00, 0x00, 0x00, 0x00, 0x00, 0x00, 0x00, 
		0x00, 0x00, 0x00, 0x00, 0x00, 0x00, 0x00, 0x00, 0x00, 0x00, 0x00, 
		0x50, 0xff, 0xff, 0x61, 0x17, 0xbf, 0xff, 0xd4, 0x18, 0x00, 0x00, 
		0x00, 0x00, 0x84, 0xab, 0xbe, 0x24, 0x00, 0x31, 0x50, 0x00, 0x00, 
		0x00, 0x00, 0x84, 0x97, 0x00, 0x00, 0x00, 0x00, 0x00, 0x00, 0x00, 
		0x00, 0x00, 0x84, 0x60, 0x00, 0x00, 0x00, 0x00, 0x00, 0x00, 0x00, 
		0x00, 0x00, 0x84, 0x60, 0x00, 0x00, 0x00, 0x00, 0x00, 0x00, 0x00, 
		0x00, 0x00, 0x84, 0x60, 0x00, 0x00, 0x00, 0x00, 0x00, 0x00, 0x00, 
		0x00, 0x00, 0x84, 0x61, 0x00, 0x00, 0x00, 0x00, 0x00, 0x00, 0x00, 
		0xd4, 0xff, 0xff, 0xff, 0xff, 0xff, 0xff, 0x17, 0x00, 0x00, 0x00, 
		0x00, 0x00, 0x00, 0x00, 0x00, 0x00, 0x00, 0x00, 0x00, 0x00, 0x00, 
		0x00, 0x00, 0x00, 0x00, 0x00, 0x00, 0x00, 0x00, 0x00, 0x00, 0x00, 
		0x00, 0x00, 0x00, 0x00, 0x00, 0x00, 0x00, 0x00, 0x00, 0x00, 0x00, 
		0x00, 0x00, 0x00, 0x00, 0x00, 0x00, 0x00, 0x00, 0x00, 0x00, 0x00, 
		0x00, 0x00, 0x00, 0x00, 0x00, 0x00, 0x00, 0x00, 0x00, 0x00, 0x00
	},
	// 's'
	{	0x00, 0x00, 0x00, 0x00, 0x00, 0x00, 0x00, 0x00, 0x00, 0x00, 0x00, 
		0x00, 0x00, 0x00, 0x00, 0x00, 0x00, 0x00, 0x00, 0x00, 0x00, 0x00, 
		0x00, 0x00, 0x00, 0x00, 0x00, 0x00, 0x00, 0x00, 0x00, 0x00, 0x00, 
		0x00, 0x00, 0x00, 0x00, 0x00, 0x00, 0x00, 0x00, 0x00, 0x00, 0x00, 
		0x00, 0x00, 0x00, 0x00, 0x00, 0x00, 0x00, 0x00, 0x00, 0x00, 0x00, 
		0x00, 0x31, 0xbf, 0xff, 0xff, 0x84, 0x84, 0x60, 0x00, 0x00, 0x00, 
		0x0d, 0xe9, 0x50, 0x00, 0x00, 0x0d, 0xbf, 0x60, 0x00, 0x00, 0x00, 
		0x0d, 0xe9, 0x0d, 0x00, 0x00, 0x00, 0x00, 0x00, 0x00, 0x00, 0x00, 
		0x00, 0x31, 0xbf, 0xff, 0xff, 0xbf, 0x50, 0x00, 0x00, 0x00, 0x00, 
		0x00, 0x00, 0x00, 0x00, 0x00, 0x00, 0x97, 0x4f, 0x00, 0x00, 0x00, 
		0x00, 0x00, 0x00, 0x00, 0x00, 0x00, 0x23, 0xd4, 0x00, 0x00, 0x00, 
		0x72, 0xbe, 0x31, 0x00, 0x00, 0x00, 0x84, 0x72, 0x00, 0x00, 0x00, 
		0x72, 0x60, 0x84, 0xff, 0xff, 0xff, 0x61, 0x00, 0x00, 0x00, 0x00, 
		0x00, 0x00, 0x00, 0x00, 0x00, 0x00, 0x00, 0x00, 0x00, 0x00, 0x00, 
		0x00, 0x00, 0x00, 0x00, 0x00, 0x00, 0x00, 0x00, 0x00, 0x00, 0x00, 
		0x00, 0x00, 0x00, 0x00, 0x00, 0x00, 0x00, 0x00, 0x00, 0x00, 0x00, 
		0x00, 0x00, 0x00, 0x00, 0x00, 0x00, 0x00, 0x00, 0x00, 0x00, 0x00, 
		0x00, 0x00, 0x00, 0x00, 0x00, 0x00, 0x00, 0x00, 0x00, 0x00, 0x00
	},
	// 't'
	{	0x00, 0x00, 0x00, 0x00, 0x00, 0x00, 0x00, 0x00, 0x00, 0x00, 0x00, 
		0x00, 0x00, 0x00, 0x00, 0x00, 0x00, 0x00, 0x00, 0x00, 0x00, 0x00, 
		0x00, 0x00, 0x00, 0x00, 0x00, 0x00, 0x00, 0x00, 0x00, 0x00, 0x00, 
		0x00, 0x00, 0x32, 0xaa, 0x00, 0x00, 0x00, 0x00, 0x00, 0x00, 0x00, 
		0x00, 0x00, 0x31, 0xaa, 0x00, 0x00, 0x00, 0x00, 0x00, 0x00, 0x00, 
		0x18, 0xff, 0xff, 0xff, 0xff, 0xff, 0xff, 0xff, 0x31, 0x00, 0x00, 
		0x00, 0x00, 0x31, 0xab, 0x00, 0x00, 0x00, 0x00, 0x00, 0x00, 0x00, 
		0x00, 0x00, 0x32, 0xaa, 0x00, 0x00, 0x00, 0x00, 0x00, 0x00, 0x00, 
		0x00, 0x00, 0x31, 0xaa, 0x00, 0x00, 0x00, 0x00, 0x00, 0x00, 0x00, 
		0x00, 0x00, 0x32, 0xab, 0x00, 0x00, 0x00, 0x00, 0x00, 0x00, 0x00, 
		0x00, 0x00, 0x32, 0xab, 0x00, 0x00, 0x00, 0x00, 0x00, 0x00, 0x00, 
		0x00, 0x00, 0x0d, 0xff, 0x31, 0x00, 0x00, 0x72, 0xe9, 0x31, 0x00, 
		0x00, 0x00, 0x00, 0x50, 0xe9, 0xff, 0xff, 0x97, 0x31, 0x00, 0x00, 
		0x00, 0x00, 0x00, 0x00, 0x00, 0x00, 0x00, 0x00, 0x00, 0x00, 0x00, 
		0x00, 0x00, 0x00, 0x00, 0x00, 0x00, 0x00, 0x00, 0x00, 0x00, 0x00, 
		0x00, 0x00, 0x00, 0x00, 0x00, 0x00, 0x00, 0x00, 0x00, 0x00, 0x00, 
		0x00, 0x00, 0x00, 0x00, 0x00, 0x00, 0x00, 0x00, 0x00, 0x00, 0x00, 
		0x00, 0x00, 0x00, 0x00, 0x00, 0x00, 0x00, 0x00, 0x00, 0x00, 0x00
	},
	// 'u'
	{	0x00, 0x00, 0x00, 0x00, 0x00, 0x00, 0x00, 0x00, 0x00, 0x00, 0x00, 
		0x00, 0x00, 0x00, 0x00, 0x00, 0x00, 0x00, 0x00, 0x00, 0x00, 0x00, 
		0x00, 0x00, 0x00, 0x00, 0x00, 0x00, 0x00, 0x00, 0x00, 0x00, 0x00, 
		0x00, 0x00, 0x00, 0x00, 0x00, 0x00, 0x00, 0x00, 0x00, 0x00, 0x00, 
		0x00, 0x00, 0x00, 0x00, 0x00, 0x00, 0x00, 0x00, 0x00, 0x00, 0x00, 
		0x50, 0xff, 0xd4, 0x00, 0x00, 0x31, 0xff, 0xff, 0x61, 0x00, 0x00, 
		0x00, 0x18, 0xd4, 0x00, 0x00, 0x00, 0x00, 0x60, 0x60, 0x00, 0x00, 
		0x00, 0x17, 0xd4, 0x00, 0x00, 0x00, 0x00, 0x60, 0x60, 0x00, 0x00, 
		0x00, 0x17, 0xd3, 0x00, 0x00, 0x00, 0x00, 0x60, 0x60, 0x00, 0x00, 
		0x00, 0x18, 0xd3, 0x00, 0x00, 0x00, 0x00, 0x60, 0x60, 0x00, 0x00, 
		0x00, 0x18, 0xd3, 0x00, 0x00, 0x00, 0x00, 0x97, 0x60, 0x00, 0x00, 
		0x00, 0x0d, 0xe9, 0x31, 0x00, 0x31, 0xbf, 0xe9, 0x60, 0x00, 0x00, 
		0x00, 0x00, 0x4f, 0xff, 0xff, 0xd3, 0x60, 0x60, 0xff, 0xab, 0x00, 
		0x00, 0x00, 0x00, 0x00, 0x00, 0x00, 0x00, 0x00, 0x00, 0x00, 0x00, 
		0x00, 0x00, 0x00, 0x00, 0x00, 0x00, 0x00, 0x00, 0x00, 0x00, 0x00, 
		0x00, 0x00, 0x00, 0x00, 0x00, 0x00, 0x00, 0x00, 0x00, 0x00, 0x00, 
		0x00, 0x00, 0x00, 0x00, 0x00, 0x00, 0x00, 0x00, 0x00, 0x00, 0x00, 
		0x00, 0x00, 0x00, 0x00, 0x00, 0x00, 0x00, 0x00, 0x00, 0x00, 0x00
	},
	// 'v'
	{	0x00, 0x00, 0x00, 0x00, 0x00, 0x00, 0x00, 0x00, 0x00, 0x00, 0x00, 
		0x00, 0x00, 0x00, 0x00, 0x00, 0x00, 0x00, 0x00, 0x00, 0x00, 0x00, 
		0x00, 0x00, 0x00, 0x00, 0x00, 0x00, 0x00, 0x00, 0x00, 0x00, 0x00, 
		0x00, 0x00, 0x00, 0x00, 0x00, 0x00, 0x00, 0x00, 0x00, 0x00, 0x00, 
		0x00, 0x00, 0x00, 0x00, 0x00, 0x00, 0x00, 0x00, 0x00, 0x00, 0x00, 
		0xd3, 0xff, 0xff, 0xff, 0x50, 0x00, 0xff, 0xff, 0xff, 0xff, 0x32, 
		0x00, 0x50, 0xbf, 0x00, 0x00, 0x00, 0x00, 0x61, 0x97, 0x00, 0x00, 
		0x00, 0x0d, 0xe9, 0x32, 0x00, 0x00, 0x0d, 0xe9, 0x31, 0x00, 0x00, 
		0x00, 0x00, 0x72, 0x84, 0x00, 0x00, 0x50, 0xd4, 0x00, 0x00, 0x00, 
		0x00, 0x00, 0x18, 0xff, 0x18, 0x00, 0xbf, 0x61, 0x00, 0x00, 0x00, 
		0x00, 0x00, 0x00, 0xaa, 0x60, 0x31, 0xe9, 0x0d, 0x00, 0x00, 0x00, 
		0x00, 0x00, 0x00, 0x40, 0xe9, 0x84, 0x84, 0x00, 0x00, 0x00, 0x00, 
		0x00, 0x00, 0x00, 0x00, 0xd4, 0xff, 0x18, 0x00, 0x00, 0x00, 0x00, 
		0x00, 0x00, 0x00, 0x00, 0x00, 0x00, 0x00, 0x00, 0x00, 0x00, 0x00, 
		0x00, 0x00, 0x00, 0x00, 0x00, 0x00, 0x00, 0x00, 0x00, 0x00, 0x00, 
		0x00, 0x00, 0x00, 0x00, 0x00, 0x00, 0x00, 0x00, 0x00, 0x00, 0x00, 
		0x00, 0x00, 0x00, 0x00, 0x00, 0x00, 0x00, 0x00, 0x00, 0x00, 0x00, 
		0x00, 0x00, 0x00, 0x00, 0x00, 0x00, 0x00, 0x00, 0x00, 0x00, 0x00
	},
	// 'w'
	{	0x00, 0x00, 0x00, 0x00, 0x00, 0x00, 0x00, 0x00, 0x00, 0x00, 0x00, 
		0x00, 0x00, 0x00, 0x00, 0x00, 0x00, 0x00, 0x00, 0x00, 0x00, 0x00, 
		0x00, 0x00, 0x00, 0x00, 0x00, 0x00, 0x00, 0x00, 0x00, 0x00, 0x00, 
		0x00, 0x00, 0x00, 0x00, 0x00, 0x00, 0x00, 0x00, 0x00, 0x00, 0x00, 
		0x00, 0x00, 0x00, 0x00, 0x00, 0x00, 0x00, 0x00, 0x00, 0x00, 0x00, 
		0xab, 0xff, 0xff, 0x18, 0x00, 0x00, 0x00, 0xd3, 0xff, 0xff, 0x00, 
		0x00, 0xe9, 0x0d, 0x00, 0x00, 0x00, 0x00, 0x00, 0x96, 0x32, 0x00, 
		0x00, 0x97, 0x31, 0x00, 0x84, 0xe9, 0x00, 0x00, 0xe9, 0x0d, 0x00, 
		0x00, 0x60, 0x61, 0x00, 0xe9, 0xff, 0x24, 0x24, 0xbf, 0x00, 0x00, 
		0x00, 0x24, 0x97, 0x31, 0xe9, 0xab, 0x72, 0x61, 0x72, 0x00, 0x00, 
		0x00, 0x00, 0xd4, 0x72, 0x97, 0x40, 0xbe, 0x72, 0x41, 0x00, 0x00, 
		0x00, 0x00, 0x97, 0xd4, 0x40, 0x0d, 0xff, 0xe9, 0x18, 0x00, 0x00, 
		0x00, 0x00, 0x61, 0xe9, 0x0d, 0x00, 0x97, 0xe9, 0x00, 0x00, 0x00, 
		0x00, 0x00, 0x00, 0x00, 0x00, 0x00, 0x00, 0x00, 0x00, 0x00, 0x00, 
		0x00, 0x00, 0x00, 0x00, 0x00, 0x00, 0x00, 0x00, 0x00, 0x00, 0x00, 
		0x00, 0x00, 0x00, 0x00, 0x00, 0x00, 0x00, 0x00, 0x00, 0x00, 0x00, 
		0x00, 0x00, 0x00, 0x00, 0x00, 0x00, 0x00, 0x00, 0x00, 0x00, 0x00, 
		0x00, 0x00, 0x00, 0x00, 0x00, 0x00, 0x00, 0x00, 0x00, 0x00, 0x00
	},
	// 'x'
	{	0x00, 0x00, 0x00, 0x00, 0x00, 0x00, 0x00, 0x00, 0x00, 0x00, 0x00, 
		0x00, 0x00, 0x00, 0x00, 0x00, 0x00, 0x00, 0x00, 0x00, 0x00, 0x00, 
		0x00, 0x00, 0x00, 0x00, 0x00, 0x00, 0x00, 0x00, 0x00, 0x00, 0x00, 
		0x00, 0x00, 0x00, 0x00, 0x00, 0x00, 0x00, 0x00, 0x00, 0x00, 0x00, 
		0x00, 0x00, 0x00, 0x00, 0x00, 0x00, 0x00, 0x00, 0x00, 0x00, 0x00, 
		0x60, 0xff, 0xff, 0x84, 0x00, 0x32, 0xff, 0xff, 0xd4, 0x00, 0x00, 
		0x00, 0x60, 0xaa, 0x00, 0x00, 0x00, 0x61, 0xaa, 0x00, 0x00, 0x00, 
		0x00, 0x00, 0x50, 0xbe, 0x0d, 0x60, 0xaa, 0x00, 0x00, 0x00, 0x00, 
		0x00, 0x00, 0x00, 0x50, 0xff, 0xab, 0x00, 0x00, 0x00, 0x00, 0x00, 
		0x00, 0x00, 0x00, 0x84, 0xab, 0xd3, 0x18, 0x00, 0x00, 0x00, 0x00, 
		0x00, 0x00, 0xab, 0x84, 0x00, 0x31, 0xd3, 0x18, 0x00, 0x00, 0x00, 
		0x00, 0xaa, 0x61, 0x00, 0x00, 0x00, 0x24, 0xd3, 0x24, 0x00, 0x00, 
		0xd4, 0xff, 0xff, 0x84, 0x00, 0x31, 0xff, 0xff, 0xff, 0x32, 0x00, 
		0x00, 0x00, 0x00, 0x00, 0x00, 0x00, 0x00, 0x00, 0x00, 0x00, 0x00, 
		0x00, 0x00, 0x00, 0x00, 0x00, 0x00, 0x00, 0x00, 0x00, 0x00, 0x00, 
		0x00, 0x00, 0x00, 0x00, 0x00, 0x00, 0x00, 0x00, 0x00, 0x00, 0x00, 
		0x00, 0x00, 0x00, 0x00, 0x00, 0x00, 0x00, 0x00, 0x00, 0x00, 0x00, 
		0x00, 0x00, 0x00, 0x00, 0x00, 0x00, 0x00, 0x00, 0x00, 0x00, 0x00
	},
	// 'y'
	{	0x00, 0x00, 0x00, 0x00, 0x00, 0x00, 0x00, 0x00, 0x00, 0x00, 0x00, 
		0x00, 0x00, 0x00, 0x00, 0x00, 0x00, 0x00, 0x00, 0x00, 0x00, 0x00, 
		0x00, 0x00, 0x00, 0x00, 0x00, 0x00, 0x00, 0x00, 0x00, 0x00, 0x00, 
		0x00, 0x00, 0x00, 0x00, 0x00, 0x00, 0x00, 0x00, 0x00, 0x00, 0x00, 
		0x00, 0x00, 0x00, 0x00, 0x00, 0x00, 0x00, 0x00, 0x00, 0x00, 0x00, 
		0xd4, 0xff, 0xff, 0x31, 0x00, 0x00, 0xd4, 0xff, 0xff, 0x50, 0x00, 
		0x0d, 0xe9, 0x31, 0x00, 0x00, 0x00, 0x00, 0xd3, 0x50, 0x00, 0x00, 
		0x00, 0x60, 0xaa, 0x00, 0x00, 0x00, 0x32, 0xe9, 0x0d, 0x00, 0x00, 
		0x00, 0x0d, 0xe9, 0x32, 0x00, 0x00, 0xaa, 0x61, 0x00, 0x00, 0x00, 
		0x00, 0x00, 0x61, 0xaa, 0x00, 0x31, 0xe9, 0x0c, 0x00, 0x00, 0x00, 
		0x00, 0x00, 0x0d, 0xe9, 0x31, 0xab, 0x60, 0x00, 0x00, 0x00, 0x00, 
		0x00, 0x00, 0x00, 0x60, 0xd4, 0xe9, 0x0d, 0x00, 0x00, 0x00, 0x00, 
		0x00, 0x00, 0x00, 0x0d, 0xe9, 0x61, 0x00, 0x00, 0x00, 0x00, 0x00, 
		0x00, 0x00, 0x00, 0x31, 0xe9, 0x0d, 0x00, 0x00, 0x00, 0x00, 0x00, 
		0x00, 0x00, 0x00, 0x84, 0x84, 0x00, 0x00, 0x00, 0x00, 0x00, 0x00, 
		0x84, 0xff, 0xff, 0xff, 0xff, 0xff, 0x00, 0x00, 0x00, 0x00, 0x00, 
		0x00, 0x00, 0x00, 0x00, 0x00, 0x00, 0x00, 0x00, 0x00, 0x00, 0x00, 
		0x00, 0x00, 0x00, 0x00, 0x00, 0x00, 0x00, 0x00, 0x00, 0x00, 0x00
	},
	// 'z'
	{	0x00, 0x00, 0x00, 0x00, 0x00, 0x00, 0x00, 0x00, 0x00, 0x00, 0x00, 
		0x00, 0x00, 0x00, 0x00, 0x00, 0x00, 0x00, 0x00, 0x00, 0x00, 0x00, 
		0x00, 0x00, 0x00, 0x00, 0x00, 0x00, 0x00, 0x00, 0x00, 0x00, 0x00, 
		0x00, 0x00, 0x00, 0x00, 0x00, 0x00, 0x00, 0x00, 0x00, 0x00, 0x00, 
		0x00, 0x00, 0x00, 0x00, 0x00, 0x00, 0x00, 0x00, 0x00, 0x00, 0x00, 
		0x84, 0xff, 0xff, 0xff, 0xff, 0xff, 0xff, 0x0d, 0x00, 0x00, 0x00, 
		0x72, 0x40, 0x00, 0x00, 0x00, 0x84, 0x60, 0x00, 0x00, 0x00, 0x00, 
		0x00, 0x00, 0x00, 0x00, 0x84, 0x84, 0x00, 0x00, 0x00, 0x00, 0x00, 
		0x00, 0x00, 0x00, 0x60, 0x84, 0x00, 0x00, 0x00, 0x00, 0x00, 0x00, 
		0x00, 0x00, 0x61, 0xaa, 0x00, 0x00, 0x00, 0x00, 0x00, 0x00, 0x00, 
		0x00, 0x50, 0xab, 0x00, 0x00, 0x00, 0x00, 0x00, 0x00, 0x00, 0x00, 
		0x50, 0xbe, 0x0d, 0x00, 0x00, 0x00, 0xaa, 0x18, 0x00, 0x00, 0x00, 
		0xd3, 0xff, 0xff, 0xff, 0xff, 0xff, 0xff, 0x17, 0x00, 0x00, 0x00, 
		0x00, 0x00, 0x00, 0x00, 0x00, 0x00, 0x00, 0x00, 0x00, 0x00, 0x00, 
		0x00, 0x00, 0x00, 0x00, 0x00, 0x00, 0x00, 0x00, 0x00, 0x00, 0x00, 
		0x00, 0x00, 0x00, 0x00, 0x00, 0x00, 0x00, 0x00, 0x00, 0x00, 0x00, 
		0x00, 0x00, 0x00, 0x00, 0x00, 0x00, 0x00, 0x00, 0x00, 0x00, 0x00, 
		0x00, 0x00, 0x00, 0x00, 0x00, 0x00, 0x00, 0x00, 0x00, 0x00, 0x00
	},
	// '{'
	{	0x00, 0x00, 0x00, 0x00, 0x00, 0x00, 0x00, 0x00, 0x00, 0x00, 0x00, 
		0x00, 0x00, 0x00, 0x00, 0x00, 0x00, 0x00, 0x00, 0x00, 0x00, 0x00, 
		0x00, 0x00, 0x00, 0x00, 0x00, 0x00, 0x60, 0xff, 0x40, 0x00, 0x00, 
		0x00, 0x00, 0x00, 0x00, 0x00, 0x0d, 0xe9, 0x17, 0x00, 0x00, 0x00, 
		0x00, 0x00, 0x00, 0x00, 0x00, 0x18, 0xd4, 0x00, 0x00, 0x00, 0x00, 
		0x00, 0x00, 0x00, 0x00, 0x00, 0x18, 0xd3, 0x00, 0x00, 0x00, 0x00, 
		0x00, 0x00, 0x00, 0x00, 0x00, 0x17, 0xd4, 0x00, 0x00, 0x00, 0x00, 
		0x00, 0x00, 0x00, 0x00, 0x00, 0x32, 0xbf, 0x00, 0x00, 0x00, 0x00, 
		0x00, 0x00, 0x00, 0x00, 0x60, 0xff, 0x50, 0x00, 0x00, 0x00, 0x00, 
		0x00, 0x00, 0x00, 0x00, 0x00, 0x31, 0xbe, 0x00, 0x00, 0x00, 0x00, 
		0x00, 0x00, 0x00, 0x00, 0x00, 0x18, 0xd4, 0x00, 0x00, 0x00, 0x00, 
		0x00, 0x00, 0x00, 0x00, 0x00, 0x18, 0xd4, 0x00, 0x00, 0x00, 0x00, 
		0x00, 0x00, 0x00, 0x00, 0x00, 0x18, 0xd3, 0x00, 0x00, 0x00, 0x00, 
		0x00, 0x00, 0x00, 0x00, 0x00, 0x0c, 0xff, 0x18, 0x00, 0x00, 0x00, 
		0x00, 0x00, 0x00, 0x00, 0x00, 0x00, 0x60, 0xff, 0x4f, 0x00, 0x00, 
		0x00, 0x00, 0x00, 0x00, 0x00, 0x00, 0x00, 0x00, 0x00, 0x00, 0x00, 
		0x00, 0x00, 0x00, 0x00, 0x00, 0x00, 0x00, 0x00, 0x00, 0x00, 0x00, 
		0x00, 0x00, 0x00, 0x00, 0x00, 0x00, 0x00, 0x00, 0x00, 0x00, 0x00
	},
	// '|'
	{	0x00, 0x00, 0x00, 0x00, 0x00, 0x00, 0x00, 0x00, 0x00, 0x00, 0x00, 
		0x00, 0x00, 0x00, 0x00, 0x00, 0x00, 0x00, 0x00, 0x00, 0x00, 0x00, 
		0x00, 0x00, 0x00, 0x00, 0x00, 0xd4, 0x17, 0x00, 0x00, 0x00, 0x00, 
		0x00, 0x00, 0x00, 0x00, 0x00, 0xd4, 0x17, 0x00, 0x00, 0x00, 0x00, 
		0x00, 0x00, 0x00, 0x00, 0x00, 0xd4, 0x18, 0x00, 0x00, 0x00, 0x00, 
		0x00, 0x00, 0x00, 0x00, 0x00, 0xd4, 0x17, 0x00, 0x00, 0x00, 0x00, 
		0x00, 0x00, 0x00, 0x00, 0x00, 0xd4, 0x18, 0x00, 0x00, 0x00, 0x00, 
		0x00, 0x00, 0x00, 0x00, 0x00, 0xd4, 0x18, 0x00, 0x00, 0x00, 0x00, 
		0x00, 0x00, 0x00, 0x00, 0x00, 0xd3, 0x18, 0x00, 0x00, 0x00, 0x00, 
		0x00, 0x00, 0x00, 0x00, 0x00, 0xd4, 0x18, 0x00, 0x00, 0x00, 0x00, 
		0x00, 0x00, 0x00, 0x00, 0x00, 0xd3, 0x18, 0x00, 0x00, 0x00, 0x00, 
		0x00, 0x00, 0x00, 0x00, 0x00, 0xd4, 0x18, 0x00, 0x00, 0x00, 0x00, 
		0x00, 0x00, 0x00, 0x00, 0x00, 0xd3, 0x18, 0x00, 0x00, 0x00, 0x00, 
		0x00, 0x00, 0x00, 0x00, 0x00, 0xd4, 0x17, 0x00, 0x00, 0x00, 0x00, 
		0x00, 0x00, 0x00, 0x00, 0x00, 0xd4, 0x17, 0x00, 0x00, 0x00, 0x00, 
		0x00, 0x00, 0x00, 0x00, 0x00, 0x00, 0x00, 0x00, 0x00, 0x00, 0x00, 
		0x00, 0x00, 0x00, 0x00, 0x00, 0x00, 0x00, 0x00, 0x00, 0x00, 0x00, 
		0x00, 0x00, 0x00, 0x00, 0x00, 0x00, 0x00, 0x00, 0x00, 0x00, 0x00
	},
	// '}'
	{	0x00, 0x00, 0x00, 0x00, 0x00, 0x00, 0x00, 0x00, 0x00, 0x00, 0x00, 
		0x00, 0x00, 0x00, 0x00, 0x00, 0x00, 0x00, 0x00, 0x00, 0x00, 0x00, 
		0x00, 0x00, 0x31, 0xff, 0x61, 0x00, 0x00, 0x00, 0x00, 0x00, 0x00, 
		0x00, 0x00, 0x00, 0x17, 0xe9, 0x0d, 0x00, 0x00, 0x00, 0x00, 0x00, 
		0x00, 0x00, 0x00, 0x00, 0xd4, 0x18, 0x00, 0x00, 0x00, 0x00, 0x00, 
		0x00, 0x00, 0x00, 0x00, 0xd3, 0x17, 0x00, 0x00, 0x00, 0x00, 0x00, 
		0x00, 0x00, 0x00, 0x00, 0xd3, 0x17, 0x00, 0x00, 0x00, 0x00, 0x00, 
		0x00, 0x00, 0x00, 0x00, 0xbe, 0x4f, 0x00, 0x00, 0x00, 0x00, 0x00, 
		0x00, 0x00, 0x00, 0x00, 0x50, 0xff, 0x84, 0x00, 0x00, 0x00, 0x00, 
		0x00, 0x00, 0x00, 0x00, 0xbf, 0x50, 0x00, 0x00, 0x00, 0x00, 0x00, 
		0x00, 0x00, 0x00, 0x00, 0xd4, 0x17, 0x00, 0x00, 0x00, 0x00, 0x00, 
		0x00, 0x00, 0x00, 0x00, 0xd4, 0x18, 0x00, 0x00, 0x00, 0x00, 0x00, 
		0x00, 0x00, 0x00, 0x00, 0xd4, 0x18, 0x00, 0x00, 0x00, 0x00, 0x00, 
		0x00, 0x00, 0x00, 0x17, 0xe9, 0x0d, 0x00, 0x00, 0x00, 0x00, 0x00, 
		0x00, 0x00, 0x31, 0xff, 0x61, 0x00, 0x00, 0x00, 0x00, 0x00, 0x00, 
		0x00, 0x00, 0x00, 0x00, 0x00, 0x00, 0x00, 0x00, 0x00, 0x00, 0x00, 
		0x00, 0x00, 0x00, 0x00, 0x00, 0x00, 0x00, 0x00, 0x00, 0x00, 0x00, 
		0x00, 0x00, 0x00, 0x00, 0x00, 0x00, 0x00, 0x00, 0x00, 0x00, 0x00
	},
	// '~'
	{	0x00, 0x00, 0x00, 0x00, 0x00, 0x00, 0x00, 0x00, 0x00, 0x00, 0x00, 
		0x00, 0x00, 0x00, 0x00, 0x00, 0x00, 0x00, 0x00, 0x00, 0x00, 0x00, 
		0x00, 0x00, 0x00, 0x00, 0x00, 0x00, 0x00, 0x00, 0x00, 0x00, 0x00, 
		0x00, 0x00, 0x00, 0x00, 0x00, 0x00, 0x00, 0x00, 0x00, 0x00, 0x00, 
		0x00, 0x00, 0x00, 0x00, 0x00, 0x00, 0x00, 0x00, 0x00, 0x00, 0x00, 
		0x00, 0x00, 0x00, 0x00, 0x00, 0x00, 0x00, 0x00, 0x00, 0x00, 0x00, 
		0x00, 0x00, 0x00, 0x00, 0x00, 0x00, 0x00, 0x00, 0x00, 0x00, 0x00, 
		0x0d, 0xbf, 0xff, 0xab, 0x00, 0x00, 0x00, 0x00, 0x00, 0x00, 0x00, 
		0x84, 0x97, 0x00, 0x84, 0xbe, 0x0d, 0x4f, 0xe9, 0x00, 0x00, 0x00, 
		0x00, 0x00, 0x00, 0x00, 0x60, 0xff, 0xd3, 0x24, 0x00, 0x00, 0x00, 
		0x00, 0x00, 0x00, 0x00, 0x00, 0x00, 0x00, 0x00, 0x00, 0x00, 0x00, 
		0x00, 0x00, 0x00, 0x00, 0x00, 0x00, 0x00, 0x00, 0x00, 0x00, 0x00, 
		0x00, 0x00, 0x00, 0x00, 0x00, 0x00, 0x00, 0x00, 0x00, 0x00, 0x00, 
		0x00, 0x00, 0x00, 0x00, 0x00, 0x00, 0x00, 0x00, 0x00, 0x00, 0x00, 
		0x00, 0x00, 0x00, 0x00, 0x00, 0x00, 0x00, 0x00, 0x00, 0x00, 0x00, 
		0x00, 0x00, 0x00, 0x00, 0x00, 0x00, 0x00, 0x00, 0x00, 0x00, 0x00, 
		0x00, 0x00, 0x00, 0x00, 0x00, 0x00, 0x00, 0x00, 0x00, 0x00, 0x00, 
		0x00, 0x00, 0x00, 0x00, 0x00, 0x00, 0x00, 0x00, 0x00, 0x00, 0x00
	}
};

} //namespace FallbackFontData
